Sample;C12(ISTD) ;n-C9 ;"3-; 5-MeC10 ";n-C11 ;C11diene ;n-C13 ;n-C14 ;n-C17 ;n-C23 ;9-MeC23 ;7-MeC23 ;5-MeC23 ;C25alkene1 ;C25alkene2 ;n-C25 ;"13-; 15-MeC25 ";9-MeC25 ;5-MeC25 ;"9,13-; 9,15-DiMeC25 ";"7,9-; []-DiMeC25 ";"5,9-;[]-DiMeC25 ";n-C26 ;"10-; 9-; 8-MeC26 ";7-MeC26 ;6-MeC26 ;5-MeC26 ;4-MeC26 ;10,14-DiMeC26 ;C27alkene ;n-C27 ;"13-; 11-; 9-MeC27 ";7-MeC27 ;5-MeC27 ;"9,11-; []-DiMeC27 ";"7,11-; []-DiMeC27 ";3-MeC27 ;5,9-DiMeC27 ;"7,11,13-; 7,11,15-TriMeC27 ";n-C28 ;"3,7-; 3,9-DiMeC27 ";"16-; []-MeC28 ";8-MeC28 ;6-MeC28 ;5-MeC28 ;"10,12-; []-DiMeC28 ";"8,12-; []-DiMeC28 ";C29alkene1 ;C29alkene2 ;"4,8-;[]-DiMeC28 ";"6,10,14-; []-TriMeC28 ";n-C29 ;"4,10,14-; []-TriMeC28 ";"15-; 13-; 11-MeC29 ";9-MeC29 ;7Me-C29 ;5-MeC29 ;"11,13-; []-DiMeC29 ";"9,13-; []-DiMeC29 ";"7,11-; 7-13-DiMeC29 ";3-MeC29 ;"5,9-; []-DiMeC29 ";9,13,17-TriMeC29 ;"7,11,13-; 7,11,15-TriMeC29 ";"5,9,13-;[]-TriMeC29 ";"3,7-; []-DiMeC29 ";"5,9,11,13-; []-TetraMeC29 ";12-MeC30 ;8-MeC30 ;6-MeC30 ;12,14-DiMeC30 ;8,12-DiMeC30 ;"6,10-; []-DiMeC30 ";C31alkene ;"6,10,14-; []-TriMeC30 ";n-C31 ;"13-; 15-MeC31 ";"9-; 11-; 13-MeC31 ";7-MeC31 ;5-MeC31 ;"13,15-; []-DiMeC31 ";"9,13-; []-DiMeC31 ";"7,11-; []-DiMeC31 ";"5,9-; []-DiMeC31 ";"7,11,13-; []-TriMeC31 ";"5,9,13-; []-TriMeC31 ";"7,11,13,15-; []-TetraMeC31 ";"3,7-; []-DiMeC31 ";"3,7,11-; []-TriMeC31 ";8-MeC32 ;"3,7,11,15-; []-TetraMeC31 ";"6,10-; []-DiMeC32 ";"10,14,16-; []-TriMeC32 ";"4,12-; []-DiMeC32 ";"6,10,14-; []-TriMeC32 ";n-C33 ;"11-; []-MeC33 ";9-MeC33 ;7-MeC33 ;"13,17-; []-DiMeC33 ";"11,13-; []-DiMeC33 ";"9,11-; []-DiMeC33 ";"11,13,15-; []-TriMeC33 ";"5,9-; []-DiMeC33 ";"7,11,13-; []-TriMeC33 ";"3,11-; []-DiMeC33 ";"3,7-; 3,9-DiMeC33 ";"3,11,15-; []-TriMeC33 ";"3,7,11-; []-TriMeC33 ";C35diene ;"12,14-; []-DiMeC34 ";"6,10-; []-DiMeC34 ";"4,12-; 4,14-DiMeC34 ";"6,8,10-; []-TriMeC34 ";n-C35 ;"9,21-; 9,25-DiMeC35 ";"11-; []-MeC35 ";7-MeC35 ;"13,19-; []-DiMeC35 ";"11,23-; 11,25-DiMeC35 ";"7,11-; []-DiMeC35 + Hexadecanoic Ester ";"5,11-; []-DiMeC35 ";"7,11,15-; []-TriMeC35 ";"3,11-; []-DiMeC35 ";"3,7,11-; []-TriMeC35 "
Pc_W_haplo_1_01.D;561394696,6;821706,9029;2538532,398;9627921,589;9866909,991;1167165,809;155067,9109;11639144,18;45833483,66;1008894,744;0;99079,46444;10137300,98;1178389,88;18773114,98;488555,7206;1149411,018;5115767,091;498333,7727;730188,7845;690190,2322;26031510;23331924,5;942271,0771;5295861,516;1083551,816;0;819727,7336;12831919,41;457880669,8;431599079,4;356354390;99577404,19;18512371,2;6006205,589;16834291,77;28840426,96;17727513,81;107260794,4;8397832,107;24580551,02;101886428,8;18726546,06;3149740,578;7395744,12;0;17978475,28;440684,3201;1484829,899;0;391153183,9;0;105831639,8;189114293,4;157685578,4;113188890,6;18915808,78;25381579,85;24767030,47;22953951,17;24515639,18;5419682,565;8513615,456;44793380,53;8633798,537;3544811,552;5281312,318;16001969,32;5210196,133;6117595,321;10172224,65;1732924,335;1571675,408;2948787,154;255364814,7;85671842,25;68126030,75;194520471,6;33952294,54;73924874,33;92829397,34;50796958,18;102544677,7;120374662,2;77464504,56;17441563,51;7474772,491;19269255,96;43711393,58;33654202,7;0;0;0;1976262,321;303092737;75544418,59;20293290,17;192699115,4;144569736,7;18619646,24;28305076,99;77550827,97;45454053,78;42843416,1;41484013,09;37508838,4;2479131,075;10014932,42;0;8829413,461;0;0;0;83045969,28;0;7126020,497;45925687,31;0;0;9159107,479;3711987,807;851663,2599;0;0
Pc_Q_haplo_1_03.D;504979723,3;1957781,346;3233401,767;843392,1973;676908,4841;1346630,88;3736755,232;2811967,494;17985763,07;15304193,19;881081,7063;23075772,51;2880132,963;730649,1739;188481385,5;90349108,72;95011138,88;211577853,8;63011081,04;62582683,75;66521898,13;147596209,4;644347915,3;30000259,24;26699846,14;9735646,585;0;99034733,46;261113842;1109555046;3805970443;410682267,9;68117391,85;48167754,95;2347682,534;21333207,96;292135867,2;279948527;137625300,2;133310037,2;771959568,7;278628942,7;134451012,1;34069887,66;169482164,3;80813970,35;309188051,9;11074672,62;93613751,15;34141870,27;366101976,4;16024125,62;684771434,3;234250222,9;222877554,6;100157214,7;116325202,2;157830638,5;111025710,7;14909105,16;39102550,77;58480755,02;329689988,3;225357919,4;211829862,3;138905616,7;362138866,5;113830493,1;59191721,98;357152326,8;146947875,7;94385630,78;95470414,15;30789249,41;93787610,74;297949014,6;115707882,4;177395811,1;40286087,35;107353028,5;151516899,8;136761148;257329187,1;326949982,5;23487590,99;63930114,3;178484671,3;213727279,5;106763413,1;242433748,8;36080049,53;92640757,9;127501673,9;124428562,4;82266020,51;390869080,3;6544371,401;193907899,8;127653881,5;136117892,5;59964005,35;122970964;81565993,4;165004211,3;134508067,9;156154761,7;163077782,6;207858812,2;0;334860918;14749095,61;6009793,286;13987571,23;7668979,491;21879297,73;162447605;35224821,78;52637010;129188926,8;25756623,19;20345452,21;18024628,61;7030885,768;11261732,54
Pc_Q_haplo_3_01.D;547445808,3;7394312,028;3232835,906;1654887,052;1170789,98;1103589,246;3847793,252;3000169,053;10614589,86;8275241,913;593904,8162;14773020,44;4521489,931;435347,4329;75901788,85;89251012,43;86747083,59;114548099,5;42510593,38;19835335,91;33414824,67;89554589,32;693914905,9;47372753,72;18761414,98;11755510,75;0;36782843,52;160304458,3;684687423,7;2309747452;305215466,1;117596041,3;460465669,7;140708555,6;62660910,12;230563202,4;288734648,4;93797358,1;235490846,5;581893735,7;167253575,9;84323736,32;12410628,27;156687524,4;45518353,98;221160463,2;4377311,831;36436263,6;17724859,4;308517963,8;12218545,56;499982003,1;144034313;279351294,6;154672801,5;205903146,2;154571031,4;171856491,3;21738216,18;82813610,45;213114814,5;271078763,8;201750545,1;82435930,23;61130385,9;115842288,2;92234606,84;26032438,58;219999988,9;67103722,13;21753402,02;40100551,42;67849770,5;96117528,5;419158016,7;123189543,2;345647169,3;41899991,2;236630966,5;138017267,4;188235072,8;401672687,6;222227999,6;137824498,4;201265809,9;91754510,44;273077687,2;77171424,42;298391241,6;5437831,056;79872292,41;103001221,7;65517277,15;43404477,24;352964506,5;11587277,67;132760726,3;215760475,9;170962276,1;92123731,54;157326592,8;141403664,6;224348347,9;90258459,42;87417111,99;83811230,04;104283933,5;0;151882234,9;5927320,868;0;6292254,389;3569382,545;5569096,622;33779802,49;11556256,75;20007771,88;50386251,24;14775039,17;13556109,47;5152254,221;1224332,703;3739383,006
Pc_Q_pleo_24_01.D;572065374,8;56693367,41;3663172,041;3293746,332;2764398,003;3051928,714;4022407,122;3295678,81;140292843,5;42782292,42;5349557,625;38310140,4;17623585,79;7065400,365;381396102,1;112564769;171037771;229721414,9;68893999,56;116104605,6;72255777,33;222696436,8;851170889,6;6418650,033;13824921,82;7615443,879;497584,4679;85137435,94;223715965,7;1111280030;4157533524;400142402,3;91003355,41;86273080,07;14010423,57;6727610,087;420715022,2;124511292,1;99227948,32;389678711,6;716896436,4;343619542,7;147299834,7;35698278,85;247586926,3;5910302,388;305980659,9;21218013,38;85883357,32;31388350,18;322057691,7;18878817,97;407142486,6;290675147,5;216147332,1;69958607,56;143466870,6;145647293,1;121835733,7;36267291,2;158558423,3;104523605,6;213047040,1;272844068,3;219151945,1;42639169,91;149114856,6;216692087,5;76501282,94;174478556,2;110002967,4;101714325,2;15607827,5;92106559,81;84708339,59;260693521,3;114975832,6;211911837,8;77918543,45;141522668;230425549,5;152786915,6;86570069,57;242503439,9;50786257,96;81359045,29;122603617,9;94494533,8;107494402,4;136560879,1;76561290,37;52246231,2;82104857,37;132841208,8;37896113,78;470459937;5270706,983;134530097,3;162961012,9;157101770,6;89690643,28;24205526,2;41919455,35;59264902,35;144540365,2;124486396,6;167304654,9;309324972,3;86294109,46;395911104,2;12040812,51;22082540,49;24020762,67;4488634,241;31818252,32;271889687;26954913,68;62781038,43;211067017,5;62600952,51;38525710,37;40668417,55;19015564,65;39950448,53
Pc_Q_pleo_65_01.D;663632968;12947135,6;2681799,68;1994787,473;2211225,799;1907088,834;5752415,156;5195851,36;28048207,77;16738150,55;1394009,408;17492948,03;5626210,998;1433641,591;223249124,5;59835542,51;154403085,5;248885263,6;36890950,55;99480325,43;78514782,32;151280434,8;800202974,2;9188204,37;6671324,576;11977100,74;583086,6569;78092543,62;241723665,2;1134548883;3980591731;501410523,7;99252124,15;26736995,21;8772183,711;3043619,296;382102667,7;254908631,2;111540464,9;164907621,2;529003306,4;362736790,7;197012641,7;43752611,05;232016229;103708677,8;277813499,1;27164444,12;65559042,98;29355762,79;278316513,8;3753769,751;482314033,7;343047232,7;210933069,4;73650794,84;72353659,52;69375434,03;87356963,72;12415689,05;36684755,16;75156696,97;201766677,2;219957155,5;207664904,9;83849430,22;330156522,5;298686501,3;122473568,1;209888704,1;99705570,17;120858250,7;16101986,48;108843554,5;109499119,1;280596854,6;177610942,6;236278371,7;38102924,46;92155536,69;159085540,3;110019770,7;29562434,15;289076832,1;26331572,98;52527762,89;133553264;250534846,4;69698159,39;179640843;69744170,41;48806690,83;59467312,91;116420225,3;82188012,12;365816495,2;4489653,863;98451315,65;92044343,84;132220043,8;55592496,03;124407868;19790529,93;28235372,22;112921313,9;159454932,8;166916618,9;224322790,1;0;356906071,3;18092108,33;14575794,73;22270798,35;13758183,57;28641472,75;244478991,4;56277778,81;56756129,72;212895827;48779562,88;29684077,65;35097027,56;19726252,35;25207173,32
Pc_W_pleo_24_01.D;838866353,8;19691469,13;3815171,337;9920195,521;10284292,47;13969069,88;24522659,16;6342082,361;13966148,88;4441835,724;329973,8383;4127177,805;5699340,389;1080477,441;92790129,25;11806118,93;40060035,66;38425288,38;6349519,46;13200591,2;12780975,65;117214848,9;448123839,6;38931623,84;67176074,32;3526589,503;0;25476247,96;97928331,5;946318815,7;2048821647;238242742,7;117408494,6;195865529,1;262900141,2;78490747,35;306008539,4;124414631,4;279880190,5;151436345,9;565767830,9;169879094,1;96838078,02;16894144,71;63811663,35;49669328,01;148794575,8;9401905,231;28360972,22;11821496,03;621993535,1;3099103,868;420520889,3;315923996,8;199177937,6;180734795,7;209689437,5;150360907,9;169893858,3;63935652,15;190270500,9;36222604,64;75376641,96;256467310,7;121194025,8;23215989,05;95479858,24;180925540,5;48853008,79;69583356,4;60833052,51;45947076,41;3654438,953;33388562,45;277668962,6;263509393,6;142249510,4;168561237,4;21411414,79;116097585,2;89932012,71;131174079,6;209931878,2;327949839,2;295634174,9;100614563,2;59039856,32;58976273,37;129733658,9;138898597,4;53229130,85;16360037,09;31931113,18;78292772,74;246810450,8;364105845,5;3248971,328;153941850,2;223792638,4;150424717,8;86986705,91;16610622,09;56512593,68;218446731,7;142453848,8;110143611,5;41616032,4;226516341,9;53986975,6;232066057,4;15298060,07;11431862,05;21060299,9;86000168,75;10241560,74;264052260;84804740,78;73251855,95;112305276,5;62994424,28;21866422,17;45929133,67;24073931,37;15041266,87
Pc_W_haplo_3_01.D;916164380,7;3021691,707;3054025,534;8612403,807;10359272,02;300848,1891;3546684,221;2221010,177;2609369,75;24071,77852;0;31545,9723;1798014,883;52468,33088;25131808,31;896341,6204;2564838,984;13188166,2;1029683,862;1590771,278;1731498,323;38217744,07;53304419,75;9879047,561;5252189,604;2004583,044;0;3934271,137;14663581,97;698208595,5;842593829,2;309037325,2;153530217,3;104202267,2;44835748,56;16548298,41;77809203,13;47997763,43;194903740,3;18182319,08;117381886,2;230459049;27184911,14;4015001,691;26693271,4;16564476,53;52557408,42;7198880,778;4678294,136;0;532723173,9;;234648696,8;220190093,1;239834126,8;187025069,4;65895054,7;68231067,08;46718228,45;44705601,38;67497852,07;24571005,01;35461925,8;119633515,7;24638388,25;12680179,46;22521025,28;65588300,63;11155983,37;29837165,93;21727788,16;6831358,872;3589327,784;10517730,17;295338965,7;172234982,9;80810897,76;259573515,1;54563002,26;141691006,3;117775511,3;108478771,1;230639752,3;254702989,6;150084229,3;115362703,2;17315835,43;49296957,33;48767154,38;77489746,78;2625543,033;17252823,41;8397395,308;9508826,609;281334409,3;121829837,5;22322483,85;223003895,6;196649247,3;61143033,8;42972016,43;166237385,9;90842755,66;114141472,3;84483164,32;79306105,93;10374280,81;36516659,44;0;27970921,94;1845689,399;1108748,063;802640,2852;131604838,6;0;11432423,69;110446683,2;20253774,07;6978449,789;18465366,63;10251830,01;8254666,488;744636,1458;1714980,374
Pc_W_pleo_65_01.D;863666157,3;5529933,349;3136431,074;6967515,52;6730962,772;305994,572;145778,8759;753712,6551;3770762,664;251284,1077;0;39657,23278;2048900,227;95991,13168;68899699,62;473822,5313;2637172,449;4401602,184;439744,1353;828568,3722;413250,3783;65363211,55;24880309,96;2150151,173;4936764,604;420335,9259;0;1700565,606;13491376,91;702989941,1;462671092,3;279972674,7;83873584,48;14647723,53;22402754,94;30355177,78;39233636,25;2566595,45;179365630,5;14959866,65;30904531,18;76941065,73;10027947,25;2068727,739;6634360,187;1786031,514;11028049,05;300659,8557;;0;282942271,7;;111323871,4;256177037,4;106805574,3;132785134;9400392,172;13918934,57;19676675,98;53361704,17;27351426,59;502004,7513;1856980,751;113704063,8;9794363,536;1431939,6;5813752,838;22247388,83;6295044,293;5532836,064;6006022,217;3453798,567;137283,1399;0;357679791,6;138048471;153149886,1;236883846,4;55770378,45;29544823,25;61893078,3;42742950,6;75856783,96;52389457,17;117694929,3;8670179,355;2815889,492;22029677,6;28951499,16;12427261,87;2855357,671;3212118,067;1821901,042;1447435,323;375113210,2;147009537,1;26850468,28;183654639,5;154531236,7;45415894,88;58256007,29;78756774,81;49032446,38;29055132,15;56093213,69;29277765,39;3260531,808;13936652,04;0;13439853,07;0;892490,9165;1889935,809;130755134,1;0;23815481;60533833,2;10778856,37;2811883,418;44504922,17;6412499,141;1216676,546;3622414,259;0
Pc_Q_pleo_24_02.D;1211143327;28281773,15;10523848,84;4871878,49;8730057,047;1540423,522;5849152,902;10373616,59;297452230,9;26457686,67;7469056,33;27603574,89;20031331,23;5935051,569;437365357,3;102901320,1;130847428,8;226101754,7;39441674,34;139607934,7;49955615,09;196876407,5;812677854;32835924,87;172130029;19551563,92;734029,1197;54140893,47;208294803,9;774514353,5;2259484600;428686260,4;185880458,4;594192308,4;202753757;550993504;469439838,4;273382909,9;66004364,01;417641153,1;566705820,3;504578429,3;198221010,7;28878536,01;180221131,6;3098862,453;301845518,1;12098100,73;44839319,92;30510846,62;374153911,9;14048225,67;738601651,3;244440719,8;324454029,4;207110370,2;173998336,8;170397335,2;215189869;135878195,1;237871058,6;53525656,67;204437286,8;287655689,4;184605882,3;22754264,14;202182519,7;267390412,1;44831160,9;113370884,5;80313419,09;62562460,03;9095278,792;92559594,21;115104589,6;680114243,9;180512661,1;354072591;64435101,1;318680705;195195626;319461637,7;334186269,3;482828271;375329717,3;325504779,9;84700533,22;290329895,3;124815894,1;258218077,1;58799497,02;36939966,64;66953650,45;107274585,3;23167182,76;648486050,3;13756647,21;179292797,8;438253430,6;263719722,8;216220040,8;145490016,4;106963503,2;239504103,5;287406552,6;130759783,8;124617330,7;322409816,5;31375519,27;271617713,4;9169968,584;10706328,54;12673365,26;2728989,637;14716315,26;113520533,5;10686898,04;31608759,87;137772533,4;25554141,86;9437133,088;12033593,1;10964233,46;14276870,62
Pc_M_haplo_46-47_05.D;1258120890;2446896,925;13571384,07;6976741,934;10781128,12;747336,8596;441160,554;1303059,236;233450848,6;4533005,493;2532321,513;19727855,17;3354968,092;943830,1216;607907253,9;56890053,81;45121364,54;115861449,7;35194724,92;89134380,8;13280330,16;536782105,8;451109526,7;5886977,787;69352548,03;19110118,46;26793392,31;26842790,79;233006599,5;1968632989;1292738292;571256743,7;341498284,7;313362725,6;55253087,97;478266828,4;206719640,2;172931385,8;648271092,5;234180187,1;238481097,6;338672164,7;126917757,8;21539236,32;91301066,9;41238266,18;185238092,8;6396785,122;30774221,08;4704739,245;668966945,6;9230752,723;373265668;330309157,1;372706380,7;271505297,3;96923215,1;73844938,75;94966022,07;322575517,6;51395295,63;111179651,5;309907535,3;85752319,14;163166848,5;20647836,42;65935730,66;52076585,46;21376531,13;45382922,08;46392139,76;3790645,952;14246924,34;16446698,98;178794241,6;235977431,3;69692110,91;282521211,8;39920523,19;102037133,4;140531425,2;112229991,4;220390295,1;292237550,7;140634005,3;193880537,8;29782191,86;78567715,22;44085655,79;111123702,8;748921,0675;22525057,79;13747107,91;10947850,66;49449648,52;115530029,4;10399780,89;145883256,7;186885727,7;31665739,62;29538502,26;156128255,7;74094610,12;132531011,8;44382126,95;53690462,47;16457538,48;47526807,58;0;53643563,74;0;0;1178643,35;3058621,788;1334117,127;16943923,87;7643687,905;11099743,02;19522273,73;1715976,825;14582461,43;12471206,85;3617612,687;2397101,843
Pc_W_pleo_72_02.D;1311709924;93202964,26;10939434;16850482,56;23046215,26;1400892,598;2591208,379;8236627,047;22307850,39;1692589,124;0;2363261,677;52688237,18;613292,8053;105689885,2;2896125,466;29592838,36;62011326,45;1454340,144;7940997,809;7450511,069;101232181,1;396614517,4;23027409,08;86556705,35;1814822,72;0;21686029,11;105797391,4;967044673,7;1770756035;458686516;229459676,5;349063741,8;291259364,8;38750632,78;404150077,3;182357820,3;312011424,1;185407210,5;436402075,9;408657801,9;103730142,3;16811997,14;112638696,9;46355163,18;230406754,6;22372422,58;30142749,02;0;669493581,7;0;562167738,2;306880380,9;306877722,1;278291787;91282292,81;135964297,9;166150464,3;63745373,15;269084135;39913169,38;82811369,99;304957000,5;151203977,6;21371332,75;76503217,62;164362027,3;54787557,6;65110516,89;73692558,89;65457105,08;4727611,138;48329956,39;388346024,9;468833989,2;218399111,4;356958824,9;85368404,31;379154210,1;282629615,1;256226171,4;291533474,2;419564769,3;262164094,4;82875795,18;68113838,89;241177667,8;141209377,1;171246485,7;73081879,43;19179929,47;23528224,39;85235503,99;207926035,7;365725308,3;17567283,57;200846770,8;357964302,4;180198015,6;208815775,9;;86778638,81;153193769,8;204328766,8;99237943,53;60147324,82;168371191,6;41181221,21;208054070,9;25126322,8;6303860,51;11684255;59534892,68;8527623,636;117328585,4;58306736,36;34663459,31;136965940;66741620,08;14203845,29;8540935,401;10145928,27;12168490,56
Pc_Q_haplo_3_03.D;1076597124;38143586,88;13565956,24;2391520,332;11414515;16083629,57;20725116,35;6564728,238;55913647,47;34876725,3;8467721,313;63402646,59;7894799,476;2283555,731;343174573,7;180701065;195888012,6;296315839,7;160200426,4;132997707,3;124939464,2;284859349;993514823,3;12876056,92;194506002,2;18505777,38;4562266,069;121635569,4;308885161,8;1332321707;5229949506;235444014;69089142,32;164438961,3;32906688,56;108928677,4;222974251,5;533391682;69354351,2;420477033,2;970786980,7;272696023;182920411;45209144,23;345926131,1;114881829;336441334,4;16694204,78;101341972,3;42538405,82;221875331,4;36416616,28;1157099711;273214766,2;258538820,9;68743537,94;190947469,4;114660000,2;133925778,2;16876805,3;63759393,98;306935911,6;385807354;310382969,6;194617700,4;171096954,9;359838278,5;204631274;97124682,97;409588753,5;189015817,2;72650450,07;154658199;115081522,9;150272220;388074015,8;171531516,4;318097345,8;53628649,06;207240277,5;134366933,6;162019107,4;447478190;413347810;61462816,22;141715571,8;127651820,8;279137053,8;130545064,8;223537725,2;19228304,31;143238966,1;144669930;143311643,1;75871001,65;627169353,7;10356062,51;240586133,1;179426888,8;150828299,2;128881796,2;268543982,5;140149022,7;269327459,7;162754540,9;195953089,4;191399957,9;269238340;110331625,9;396207233,1;13925122,3;5217482,671;19032258,48;10281844,58;16904580,76;112132583,8;39027521,97;71337921,49;187530510,5;11779341,86;45010081,79;20532398,7;11849005,14;14975792,18
Pc_W_pleo_72_05.D;1118280269;86718390,5;14309675,64;21956056,23;13924468,06;7458829,058;14286108,57;2490252,729;4648209,16;1030054,532;0;215913,7569;2948653,597;448794,7106;25301348,31;379620,1174;3166303,025;6701631,814;462921,5771;986583,7496;658218,3841;49293933,09;56031876,52;2021870,275;2172005,581;163614,8801;0;2319346,597;5896921,465;757933869;662398620,9;440600843,6;133191461,6;30387110,07;36272543,95;18746825,45;106360986,8;7359631,213;226749814,8;26067528,58;69857798,02;200936485,8;5439105,649;2394262,143;10562955,63;22952942,27;21552390,87;778433,0049;2482888,169;0;540284276,9;0;194673042,9;274584722,5;196118397,4;140041599,2;33085883,12;26677081,71;44278736,99;77194257,53;88383310,04;4298107,998;4890272,307;121091639,6;20731785,55;2012541,489;21623386,85;28600500,57;6703192,526;8617989,938;14762946,34;6706921,185;364588,9381;4200083,563;317970749,4;191420934,8;75707891,83;215978067,7;33772511,74;66853077,52;147722231,2;100556033;142332729,3;166811105;111832127,3;11270114,96;6613615,53;57824980,3;41582517,39;29955112,23;7419438,835;1995598,95;2840803,884;6084756,289;231717901,6;132831976,1;10793443,08;176138466,9;167035311,6;77189110,97;91991278,37;88930638,86;41334987,73;58966415,61;62367397,41;33775480,68;6204596,067;28929467,03;0;20461104,9;2655693,191;1026280,365;0;68055719,67;0;19661875,17;41051157,31;12468755,42;10752754,5;52634869,38;4600915,191;870417,2363;3456859,523;1676065,434
Pc_W_haplo_3_05.D;1127111257;54347185,02;14467571,75;10166491,74;10928594,56;56751036,92;33953398,24;3711330,915;3797598,701;20081,7085;0;356619,5882;465667,8985;145123,0638;77546472,91;508707,6993;4986198,102;13285653,92;833689,4492;1065508,827;1166269,825;145994160,9;105786071,6;5589237,032;12099867,06;1578305,545;0;2531845,788;16139380,94;1181476669;760341441,2;493159154,3;180609168,4;78076671,27;36172098,24;52118882,71;86781662,04;41878948,75;409632618,3;24721566,29;177070006;271289940,9;44176254,6;10089697,32;19647940,18;22058270,36;39543403,19;3215918,915;3600002,679;0;877681491,5;;223383848,5;188880666,9;287085625,5;241900501,8;71138993,15;76043219,18;63927874,92;96224266,91;88050638,92;43473877,96;42624011,61;205159096;29862113,13;4803729,275;11595150,52;83119545,84;19052228,96;27393030,15;23270233,35;2553848,337;1361813,359;3678562,022;547962866,8;204681891,8;146246695,2;357007125,3;76654359,02;113530794,1;128523031,9;115340776,1;265833123,3;272332477,6;219458551,1;52215500,92;12860388,84;48127571,92;89662687,81;130709358,2;2280854,84;17150745,73;9560877,509;3824577,688;570522051,1;110678677,7;13854167,81;309759759,5;216606126,8;64633056,71;90913358,69;195056508,5;125094692,8;132462989,6;118405509,8;86631002,33;9036214,942;24653069,82;0;20162927,83;0;0;;204858243,4;0;13463097,55;161489743;23209526,18;0;31125388,85;17141800,77;1112945,465;3346395,906;1278077,144
Pc_W_pleo_72_04.D;1220279080;42968653,84;14064897,07;3756845,549;6118850,578;14006729,17;14910443,14;2206371,722;16293590,86;1253796,007;0;326685,4808;3791363,202;883009,5869;46304755,72;336545,575;5798911,754;30096077,37;920236,533;3959588,458;3098528,117;66128784,33;161776214,7;3278785,129;18725658,84;70568,68402;128000,0879;15087951,47;46193560,41;786770361;1277464350;455456641,9;241163008;125539777,7;135799404,2;43139727,27;286777791,7;144709384,6;397884799,3;130026430,1;312873286,8;422449048,5;158821836,7;18709840,3;65836633,91;97486289,21;157140063,8;11930928,95;16192249,64;0;540806534,5;0;419483884,3;371775883,6;348072028,1;270334134,6;67224036,33;110269253,8;118459526,7;106141973,3;299423230,8;43359646,07;72353733,51;238888096,6;116327658,9;12483764,9;60121854,51;196381620,4;51567113,51;36182781,58;42131156,86;40985562,92;2293543,777;23811402,89;299751626,4;407926179,2;135877018,8;362258632,8;57101894,85;246860857,4;224426975,4;211641928,9;269394561,7;352061378,6;261165006,1;79625265,14;36548736,25;195010406;142922262,4;114677791,4;47053796,6;11728673,45;19385447,07;56144443,06;163862616,7;293767148,2;16032494,36;166825571,3;297521814,5;189730936,5;151409224,7;154099620,8;72957330,35;200471265,7;144151273,7;100115600,4;42921988,08;100920705,6;7028740,099;148942094,2;13823174,4;3292641,223;8140932,772;23675023,18;7490957,208;78965562,67;45016768,1;26339217,17;84046786,76;85161090,18;6695520,682;6872435,298;6177666,882;10281407,95
Pc_W_pleo_73_05.D;1204215108;138550150,8;14384164,5;11828989,63;24343916,62;51365357,79;44330975,7;9010723,878;8287955,468;358110,5115;0;233736,831;2042861,665;685281,8733;44324400,73;292604,5433;7406438,497;25822692,21;417626,7058;2691964,208;2832996,293;62128550,72;137517504,2;4834296,537;30751388,64;628970,5778;0;8043193,164;20715327,98;693242615,5;1014324630;451301918,7;219044909;154443964,1;126848112,3;82327820,01;224075781,8;59077622,46;240184397,6;99546706,3;110324927,1;249634813;46880457,66;6573225,744;22440858,76;20351279,63;71640048,31;748455,5733;15997593,99;0;504448265,6;3216708,972;306198342,2;314391618,6;242654665,5;211151387,3;60405929,88;70973936,87;84569390,09;112819469,7;149980125,4;19861755,36;17555706,13;139483951,4;57685276,02;11655248,3;59702141,35;85205509,71;15209259,65;23880513,15;67502227,12;18619760,49;1085064,813;16310620,73;254664687,8;359369750,2;115020885;227748271,1;31382034,78;81937923,54;182529346,8;191462600,3;262731470,3;262429736,6;185829586;32862441,7;22674217,35;138433534;72766246,24;111741729,7;11269256,7;7343845,345;5212954,883;16450783,11;168257725,3;201734015,9;20816594,61;206543003,9;239617100,5;111884321,4;132934177,1;138354910,6;67327961,64;157022028,6;105463245,6;60166454,11;18444427,33;64982993,57;0;55833809,36;2671512,971;2243042,371;2202537,876;52403872,34;1356232,894;55118255,56;41088480,74;25765691,31;47019901,3;30365025,21;8440331,791;2314286,345;6497901,064;3355061,378
Pc_Q_haplo_3_05.D;1278566199;38877843,42;5344828,423;2400728,375;7884516,479;11738034,06;14425529,04;4521311,092;46949076,55;30519715,22;4507158,695;77654490,98;3911981,721;1374888,661;356712519,9;140034241;310189382,4;391974058,1;213055551,2;102539135,3;157441869,8;262010661,7;1512794481;7103283,483;67204058,64;12643084,88;2327567,594;89932733,1;299697141;1857322140;5937753416;1598350657;175513318,8;173552133,3;0;5893286,87;200642058,6;222441130,8;54977978,35;353912081;1012775083;621946723,3;194686732,6;65952523,94;325351057;109702856,8;311836746,4;13853579,54;73489870,28;25490226,63;342705519,1;15436864,76;689346159,8;273394935,9;303918059,1;48833535,57;197553640,8;112304002;69873957,56;13334244,06;42913802,01;66310852,02;314307617,3;236982809,7;189564777,8;165124561,7;488569325,9;113077084;126725000,7;490780356,5;121554644,1;122254722,2;134100111,2;114612520;90850445,16;388195730,9;94736563,41;175991872,7;13173325,62;68115337,03;131507532,1;133046644,6;211371558;484767691,7;54179244,48;150483967,9;115287282,2;231830124,4;140640496,9;212997727,7;34363226,84;115909519,5;126220111,4;142644195,9;97490064,7;525268361,9;6341148,602;170512016,3;107853878,6;141253800,7;97504672,26;20557919,42;87955713,2;142965005,2;88179432,86;219177326;160782548,6;189269479,6;90179889,86;366181987,6;36552366,99;8257985,964;29162600,88;23154475,59;26742964,28;195953733,3;87918295,76;111602277,2;192281662,2;26928571,81;104664693,8;53108063,06;20841411,32;23098531,14
Pc_Q_haplo_46-47_02_R.D;1295638904;24724803,86;12976984,81;1974671,819;24221786,56;28059490,02;45524009,33;15635183,22;84081037,14;29261797,24;6726689,534;54826204,19;8454438,438;2117714,474;359829536,1;164877059,4;238145853,3;288521243,8;138180399;95912279,13;101340972,4;363708097,3;862103517,4;11248657,04;205794552;74370721,44;1473440,829;93342878,77;237401501,9;1200278583;3648054479;531368690,4;78448232,44;470031380,9;231670889;150286332,5;279747695,8;369005405;74263677,88;319652460,2;873987323,2;283777555,5;183133822,8;49919754,32;251016626;54101569,55;313033693,6;13034835,51;61865529,91;41238479,44;406475118,1;25222407,24;494350563,9;161918389,7;219911199,5;139055460;119971830,7;128499361,2;133892313,9;41098914,65;63549948,14;279844521,8;381890098,2;338859690,7;200413972,9;149960260,5;173747629,5;272680148,5;80124170,53;287990685;123190325,7;53638322,21;92258909,32;91710747,8;126020212,2;540801127,8;120631793,1;301698884,9;82310725,57;206674627,1;152110499,2;217260190;496592960,1;248669481,9;285629739;418020088,4;174102470,3;331840160,9;125151623,2;194299348,5;6855566,571;130499168;73550614,78;88975579,2;50472987,16;527525312,8;11572585,59;219934811,7;384129235,9;202955240;106303326,7;309460440,2;125949346,3;266670891,1;108377535,8;187269485,6;103888796;226986821;0;301410345;9479668,423;0;6245184,981;7445274,805;8628389,443;76965532,61;21360331,11;22728035,12;177322240,5;0;16313969,96;16407913,06;4647923,785;7390190,737
Pc_W_pleo_73_02.D;1203394216;6235042,907;13813449,32;7058472,768;5488081,51;8250435,591;384580,3763;4853290,835;9019994,127;987095,494;0;2001186,009;1259226,986;270114,2039;78400418,84;1106238,58;29236434,55;50076870,14;1055647,266;4992105,034;5654606,133;88200269,29;254617500,8;15542003,56;44989599,16;1914403,64;77098,5881;15350635,27;82610702,33;708315847,7;1160118092;605528526,4;226881172,5;227774236,6;162949469,5;99520736,25;285064651,6;66760209,48;40281621,93;149125458,6;208831660,7;341753552,2;63229924,93;3707902,483;49412090,32;54012738;107299942,8;2163737,393;17000156,21;0;520047346,7;0;311864568,2;328824258;291790462,6;235478463,3;76489681,24;76620905,37;121105684,3;83467802,97;240438544,5;33456216,11;46641888,91;181814684;72713890,66;13997965,5;86486153,41;120983981,2;25975719,56;39452818,17;85252749,84;21827615,32;2326543,369;20115117,02;267112020;440636689,6;125676099,4;307701354,7;51432330,05;122787745,5;180024005,9;161395148;321327363,9;283940188,6;210420247,5;30944394,01;21532147,06;132187474,5;73515753,74;136519796,5;11518010,71;796998,8569;7358554,781;20567805,13;125918020,7;215940844,5;17213392,82;176026327,8;266618164;138930440,6;130340996,2;62009280,89;58951980,4;148118724;89175182,36;59211995;17178187,17;84229648,21;0;61704337,17;1728770,975;1108723,342;2517027,348;13200578,03;3232257,829;54853935,26;19694874,11;13259071,72;48331783,98;11714852,22;4067568,129;2354833,812;5350273,565;2105119,285
Pc_Q_pleo_72_01.D;1221602941;1993320,213;14009032,54;5003075,405;1547328,5;728054,5172;3003579,32;6026339,461;48772792,62;13124464,42;4706459,248;28492199,78;6687869,373;1642458,482;279437350,7;60639706,94;187660065,4;264642519,6;35179871,66;70437259,93;64838025,92;266886805,2;724211243,3;15307881,26;201397759,8;54530829,62;1514021,187;0;192668369,4;1081424397;3133398968;380679054;80192618,69;147425783,5;119224578,8;185093459,3;463882125,2;308996063,4;196684825,1;374293717;887580721,3;366984432,1;187689771,2;52053708,91;205397143,3;0;343275714,9;31172040;91015162,48;20322799,39;418534109,6;7460853,42;1125104940;219266991,7;209891233,5;155862634,4;133735993,7;70083750,21;145744922,3;89860787,55;252704933;57124548,57;213582881,8;311072281,6;246750101,3;48984634,76;323865837,9;279009144,2;106395628,8;138923142,6;69837965,94;96588613,29;18616866,01;104753579;207964041,4;436293757,8;131973044,3;223368603,8;41598941,25;201502282;103722947,7;225236404,6;218539696,8;355943996,6;195852346,9;116056243,5;101303628,6;331272681,3;146283519;171734225;105248936,7;24961956,17;87140451,61;121134691,4;80578872,6;543217244,9;6335907,758;175110609;284576628,9;164652426,8;162492843,8;106181759,3;55740686,97;262041398,8;177866269,8;176285397,7;128777544,6;340557850,8;66471166,57;313864407,4;42031999,91;16699261,38;25612444,55;;22559358,37;117646236;37087796,88;50114740,55;162357316,9;44273861,53;27276637,14;28513284,02;27627712,63;24271852,97
Pc_W_haplo_46-47_05.D;1170142506;78371834,64;10607517,56;3814961,536;3798318,609;804824,4266;431069,7799;1485955,096;30827470,62;346177,9622;0;5314509,929;260619,671;101782,7653;165588543,3;5725330,633;15216782,2;29512086,58;2316870,133;6284923,729;1300210,578;142721352,2;139626747,5;3904729,031;14720724,09;874062,6346;194140,3246;2121691,509;62202570,15;740633342,6;595042068;411146044,5;164291100;37140784,73;11738982,27;210231322,7;65464793,49;18970223,06;240633378,7;60054289,86;37166090,52;130579045,6;18483957,22;2650922,196;8825228,31;9493195,737;29674398,98;0;3021679,078;0;432174744,4;0;113395346,9;197044797,7;163984959,2;106395262,4;10955941,61;17933995,33;17227171,9;74490133,53;17231557,63;6307637,485;9452835,647;65650450,53;16928394,9;1247402,598;6971068,42;12013813,19;4878520,281;5043788,115;6820263,943;578802,6616;770622,9154;863357,9929;161079047,7;69814255,75;20375424,66;143766935,7;23804830,31;31225509,38;68008288,59;35678279,87;77120620,95;100774276,1;50435942,64;11012449,6;3186520,543;19427886,58;23220498,28;23605335,72;0;4980823,374;1724327,32;971811,8185;135112929,3;36489732,82;1950207,873;113462810,6;89217200,4;22244575,77;16619046,4;44955759,69;32215131,66;21891469,89;13460544,41;21636749,39;576920,2142;8585094,556;0;4617865,151;;0;;8326276,165;0;2895997,265;12818012,89;3782549,411;1102404,751;0;0;673646,0819;0;0
Pc_Q_pleo_72_05.D;1190908944;13738464,03;12343468,07;3211846,589;3196031,887;5833766,848;8604464,697;8419067,656;44468667,15;33458241,75;4893628,968;42234209,15;9145414,674;2716659,655;286306167,6;55610056,62;311553123,6;326096970,5;62570357,25;107241324;114858612,4;312919889,1;895541755,4;3546617,308;99609079,25;10789902,94;589714,9019;161069769;287801633,7;1361272718;4507761274;515742399,9;86052203,65;94178753,82;45594830,72;204053245,8;468399926,2;262561850,4;196959133,1;448442537,7;908824541,3;370064380,4;166010826;52703510,82;245119676,8;6600860,048;329415105,6;13206546,96;75908562,65;22426191,47;434764534,3;14598072,25;764449608,1;270623717,9;208113852,1;81109917,65;110566532,8;106337469,1;135040037;40411473,08;168506653,4;42562726,45;252932831;350765990,2;251558325,8;62948880,6;350899274,4;239733072,5;139665917,9;170431809,1;100187933,9;126302395,4;8968451,213;98715731,01;236301199,9;453919596,4;97436199,81;162451409,2;82782130,56;207314461,4;120884938,9;129140111,9;147679274,4;323740838,7;139449259,1;118672135,4;118881959,8;370402973,3;111799151,1;155085411;70887669,76;28046807,67;72122115,29;135203700,1;126377067,5;495403293,3;10624893,59;140076709,5;187326712,3;141591990,2;121517507,7;160082139,3;57482556,24;224747343,9;155893207,8;157524501;149670796,4;317676691,6;127318147,3;292780563,1;42552349,09;15403676,96;32843082,19;11336573,96;38937670,72;189444145,1;50326693,26;56394968,75;113390350,1;63483261,06;35902560,49;49123907,88;25626406,61;31443146,18
Pc_W_pleo_73_04.D;1109605538;32138906,24;12352893,57;6296303,269;8518522,335;1325633,608;7714445,961;19721241,15;11356070,19;219263,3086;0;245929,4204;5332288,545;622737,1563;32203748,37;428748,2286;10874562,85;15203318,41;912675,2803;1671494,056;2412603,153;42763207,2;78850861,07;5129287,919;15966135,84;366341,5149;0;4002478,04;18963986,23;552876259,6;746456123,4;380543737;132264145,8;109208106,8;75691355,97;49376374,36;181007337,8;36894625,7;163686351,3;76768835,41;112868265;207153892,5;28652483,44;1391465,923;22378739,89;1919993,606;39311539,85;0;9187379,811;0;411057616,8;;275474714,2;282531139,4;210238320,7;155922731,6;56034714,33;37908965,15;62476800,38;99307736,76;146169560,1;16987260,01;19688444,44;96439449,99;33361499,02;4871550,464;40151107,76;44794942,52;10562158,31;16764189,32;59615339,83;12964052,75;661832,3236;9207793,817;183794450,5;325464868,2;102990357,8;222882174,5;23449045,51;83890543,46;175527762,6;166487081,3;209662145,2;209980382,7;137689768,3;17112407,84;14246923,09;84859230,83;36901392,15;61796701,3;6423020,528;4875406,509;4409627,358;7419567,692;100240843,1;175339522,1;10586348,95;122997052,5;173601999,2;109853850;82784932,08;88628347,44;43331087,92;102339794;79218276,61;29137047,7;10176562,11;52771734,02;0;35775182,37;;1320429,345;1715439,704;15338477,43;1458535,834;43829919,4;11708591;8078648,921;26760726,2;14529143,52;2455592,134;3056483,034;3466666,861;2303424,014
Pc_W_pleo_72_03.D;1203835518;9634620,013;13031274,58;2049440,619;20600894,32;40752285,22;37754548,84;3655924,604;6350630,454;115247,6886;0;166570,3449;3379066,565;281975,3108;44580339,75;425928,3041;7938242,732;31886593,73;1416229,653;4336745,587;4135996,027;89805291,64;154005170,5;9914561,926;47447048,04;637824,9325;70100,89625;15215839,28;31809436,85;811792936,4;1122706592;435024097,5;216612695;249943519,4;186082318,7;68402389,76;262449662,1;113763767,5;353289832,3;104898647,6;205970468,1;356680558,4;152344155,6;14338004,82;70284557,08;98972302,41;150587367,3;14754733,18;25772433,28;0;577871161,4;0;369108546,6;244347562,8;328770377,8;240453711,3;65059868,78;88672988,89;97804450,72;109399783,1;280960837,3;57166474,96;83842701,29;263480582,2;110498418,6;24714418,5;91782634,89;240663552,9;73414880,53;52946090,76;65084611,12;46993550,6;2686928,263;38410018,79;315039004,5;406344658,4;160559307,5;321411855,1;58992806,33;241664676,4;182136049,3;193640707,8;238732116,1;352274227,9;189902013,5;82495475,49;51641342,75;191158806,3;97888956,9;132616745,6;52126275,38;20796281,37;20796281,37;52291125,13;137160376,3;294948245,4;18244222,3;192446881,2;266810881;201386609,7;130301842,9;137154555;69781634,06;191668557,8;142802390,7;102056048,3;49267647,06;201506636,5;0;132816817,8;15600851,48;6132370,561;5930782,688;9274831,544;6418134,933;72269498,37;27904261,55;17840394,83;99851455,81;27089595,06;3902646,588;3825656,894;7289282,411;7893246,022
Pc_Q_pleo_24_05.D;1379950768;6388079,329;14542296,43;6089502,819;11380345,09;619991,7845;1657243,394;13630554,32;190618623,4;21888385,18;6574166,34;22947990,81;30904194,06;7698132,243;314262424,6;108590036,8;114711329,5;185281770,6;32484691;121796254,7;48551662,88;156690578,1;588218762,9;43101052,79;128542639,1;6713461,551;615792,0237;43330166,33;162998112,3;660636242,8;1920925968;329105902,2;142577095,4;519630727;285209602,2;316264437,4;393021013,1;224198720,8;139422194;344652042,2;550224825,8;345143320,9;152020335,4;21030161,61;139110730,5;3735434,306;254236329,3;8962095,933;36121503,88;22465367,09;345779783,9;4628970,308;520236922,5;246374829,5;273928178,5;167870574,9;120211317,4;110872994,4;156381686,9;115885659,8;165180620,2;92236497,14;182172258,7;207821955,7;167047962,6;27047037,1;213295278,2;222262657,1;39856267,43;146663523,4;78432253,68;53876305,85;14612033,73;81505701,66;129457598,1;410756440,1;151233383,8;285497674,3;93429470,51;206708462,5;149395223,8;234898673,1;252979905,4;391774561;354487131,5;128657331,8;68145791,78;237663187,9;107499091,9;231922857,3;65792849,22;31861766,46;51000367,55;96018242,95;44094873,71;581795399,8;6966093,756;169550451,6;378511113,2;206321332,7;151281495,3;115458605,9;93140896,28;253320952,6;255747874,1;108350387,4;100287041,7;251248926,9;58663248,17;295482040,7;7059106,901;9667650,697;14170022,15;7262386,211;15271018,16;142319752,3;23975659,95;41259017,32;145167075,2;25730200,78;26306452,44;16760440,31;14602334,09;15797156,97
Pc_W_pleo_73_03.D;1074009423;38310856,18;11442725,74;1445203,308;17110269,56;1676548,929;5540831,202;3222114,38;7837156,228;143146,1281;0;593388,5585;669387,4762;114044,7276;73916218,35;172880,2531;8803612,2;30070947,15;135545,353;2180967,484;2798972,216;83161558,96;92668148,82;3354651,42;19078057,75;372480,0711;0;4993269,525;34067456,45;583932933;760707156,3;327203740,1;198415969;115651801,3;76768974,68;124021783,5;194581300,2;41278125,08;73722535,83;85550939,38;133607283,3;209544377,5;33205815,52;6156520,884;15897508,88;24233793,12;69130723,83;204572,458;11229838,99;0;410245757,2;0;260487462,7;254793654,5;259710042,5;181209878,6;46135835,92;40360921,23;66489171,55;144651672,6;105767572,5;20803628,31;22685466,53;98565710,96;40113978,37;4536506,359;38740854,07;45368821,24;10497056,21;19032251,4;50972012,59;8872522,851;614591,3059;8611837,523;165206818,2;231092471,9;71804915,01;241489574,7;16827946,84;84875478,94;87499319,73;142618136,4;135712837,5;211540611,3;134570206;31946068,45;12790138,32;89593969,32;39798972,69;57040632,66;5891934,193;6952886,527;3597651,895;9855974,63;51119731,18;150752702,8;14643477,04;93015314,07;161950384,7;96143743,86;80434925,2;77880127,76;40041723,1;83613200,66;53536725,99;30927107,64;8117317,191;48812197,21;0;32665240,95;0;0;809606,9034;3325405,84;1422025,032;23485637,84;5991730,452;4650763,199;17765936,06;2135015,477;0;899272,1444;1728738,383;1413544,169
Pc_W_pleo_72_01.D;1182062115;3158558,636;12789742,84;8706086,98;29168398,1;475227,4665;458150,6196;1680704,673;5530331,548;465866,3294;0;151195,2267;909614,8059;80408,79412;101021093,1;103470,8081;6622845,115;4495253,875;46999,03309;611825,6672;431245,1441;111635914,5;45754358,89;2236549,166;3021830,336;433762,9577;17940,59084;2949445,839;3739650,826;905707698,2;506462671,9;284302949,5;98137774,9;12842763,36;10218733,53;42181361,57;58981207,31;1796654,823;309206036,5;14138289,68;33786388,19;93192151,55;2424325,657;1750945,674;2520010,618;14978146,96;7210826,367;739796,1468;747659,8724;0;613429200,3;;108652335;262789797,5;150746686,1;141599848,9;9683363,23;13356299,13;12426009,21;73588550,7;43211962,34;1651516,729;1218301,988;133195242,2;9022576,832;0;6867814,342;21122786,25;6666777,722;3316010,857;4858634,66;1850877,797;0;0;412099554,5;113387753,5;70484241,06;236020375,1;53441481,86;23792317,15;53926069,16;41395893,35;99895244,2;54932450,93;104281326,4;5581069,708;0;20643168,03;35531662,1;9181834,151;810661,4307;932289,9508;878664,6983;624863,907;345640899,9;68949219,92;19210085,89;152815677,5;94420063,74;23685391,56;32777580,59;64370910,01;39900417,35;15162323,4;44489050,32;27026001,11;933289,6411;10694894,35;0;8704493,9;0;;;115507688,8;0;6994780,745;53443230,5;8887826,529;0;10054609,93;4847484,269;622541,961;1287871,667;0
Pc_Q_pleo_24_04.D;1263582171;7983481,272;12551478,04;2352314,188;14567957,71;41275304,12;49679993,46;6853768,352;473223383,1;95800402,29;16255583,83;94806094;48031077,86;29931015,98;672857421,1;181025158,9;414860989,1;347290694;44104452,6;233042083,1;108914554,7;236343098,7;984050746,7;4759688,921;43820369,51;14174845;275779,7717;119512048,6;188932311,7;1581583082;5490651641;701966534,5;82854500,61;66628483,08;23787172,63;82854500,61;293856986,3;204436915,4;86602589,79;381805880,7;662769914,3;522224221,8;166566561,5;69979605,98;281000535,9;3899255,974;271424393,5;26741997,13;70217921,99;35220717,44;421939208,5;12212058,7;687539670,1;403159729,6;241076683,5;37205123,84;72778905,61;89314472,5;88208609,2;15528985,46;97781698,2;44395116,62;251474581,7;276275760,7;245972904,1;63028300,52;505136102,1;248036588;137291271,7;206117334,3;119004837,2;110940322,3;26100142,31;105625497,1;107850058,4;337296975,8;51707425,79;266224111,9;28925297,71;87306090;149749544,8;211459989,3;71366888,85;325352236,7;195244994,8;127259835,4;128167050,5;313487315,5;83491460,5;272269419,4;72618087,78;39580024,63;70067796,51;136622747;61414582,93;464544376,4;5366437,962;117211972,1;112441468;230716194,6;137703975,9;147970900,8;26026679,12;83430572,78;124837419;135481323;178910641,3;330701161;222082510,2;339826047,2;39372732,51;14889392,86;51043690,95;2236006,387;63633453,99;363493438;68404193,82;88848089,81;283797579,1;94601470,2;70459026,11;55216715,42;47157009,79;56621610,67
Pc_W_haplo_46-47_03.D;1485703486;52923363,17;15756224,42;16167370,91;14678573,5;7554682,834;18467054,51;20008362,53;47730722,37;801664,6328;239249,7322;4910038,652;2048823,216;1212615,501;204069783;5605891,882;15037595,23;35055896,6;4814745,841;10630256,97;3680675,264;193263028,1;174880277,9;6836361,709;22478947,41;5690407,838;90680,235;3984161,721;62807032,49;1042775787;647426103,5;450670038;196844336,1;54587532,85;15247546,34;244216522,4;88344534,46;41688247,46;433170764,6;74852427,38;108623268,1;229955781,3;54507662,49;10092068,41;21069151,52;18347719,13;48056759,96;0;4097714,141;0;619301827,4;;178960671,9;286381010,5;271444623,5;196012370,8;23961358,27;23896559,19;49632394,16;152667431,4;69243403,23;28238974,51;36274008,2;121562989,6;46824284,57;2785699,153;23320003,12;44728185,3;16976799,17;10669740,94;25386966,44;2334554,914;758949,6847;1851535,618;296450341,5;156058867,9;127734967,7;286870262,3;84103919,82;46007890,63;103339318,3;58023137,29;120950184,6;164777350;113234655,7;31813618,72;7846263,968;49081434,09;68542466,85;40168316,92;929164,654;6193381,511;3628954,304;1819591,626;273672658,9;88099086,59;11574503,81;269622243,9;163901514,3;48053382,79;31318743,83;125683148,1;84912694,22;69024227,62;53543062,98;75060817,86;2677044,189;20277124,98;0;10630303,91;0;0;;72007180,42;0;15037852,69;95607644,49;14006913,26;2677959,588;9412058,158;11126794,83;1121833,324;1772335,699;0
Pc_W_haplo_1_02.D;1154099548;41986118,18;11393845,88;4829475,729;5966702,711;3922789,553;4876611,987;16841757,45;3349773,704;445773,3708;0;110769,6174;2196648,002;513502,78;32362728,69;104654,9919;1515716,537;4269166,604;86679,32571;298351,0657;345734,1516;67726606,86;34741829,52;4662450,467;3621889,587;694806,9184;0;287839,6717;3535513,626;705177463,6;475308003,6;337248920,4;106409249,3;16557228,92;6201436,826;26427628,31;32108602,33;6403641,41;227374247,2;12211708,95;41213526,79;136167078,7;11926344,92;2966123,327;4040216,195;4158685,474;13407745,64;281525,931;0;0;485460765,4;;112518077,8;247350359,5;176463216,9;135200245,1;18547796,21;22628577,46;21818845,08;47337344,88;25514609,58;3037834,465;5741787,856;75764189,16;8713640,061;190925,8394;8635806,44;28824626,66;5687415,456;5030263,569;8191477,379;828252,3672;1199724,843;0;347095215,3;103477414,1;62149223,15;226862001,2;52120143,64;57889933,57;66397274,47;54097666,29;119480560,8;111095825,5;96690667,82;10854060,21;3395607,135;16553801,03;49593247;22084620,67;0;0;0;;380761907,3;86362879,11;18918932,5;222761716,5;135042637,9;24030149,36;35987417,91;61397817,37;50533523,88;38192559,03;44312386,16;37238449,26;1152989,851;14008638,24;0;4628061,151;0;0;;100279971,2;0;4159516,993;83138440,47;0;0;3728575,73;5776800,173;0;0;0
Pc_W_pleo_24_04.D;1269999263;49208332,38;13496429,35;44522661,95;30170703,57;2783880,112;16850767,29;13698909,27;10794686,63;925498,0366;0;1354767,925;2675993,986;353545,8818;133417953,7;5354823,937;20079616,44;22016123,13;1739382,332;4794470,596;3043646,111;124252322,7;189191143,7;7366509,58;16439568,18;813040,1815;133646,0379;4153684,251;24222597,14;943259801,8;855397705,2;364237884,9;191547422,1;95732129,04;77408217,57;73490184,75;165462760,6;10315919,92;355497617,5;60487604,41;115140863,6;242115039,9;26022334,74;5282916,365;16229546,68;10122602,98;36587960,34;0;3836803,052;0;692986311,6;;307986851,3;314120564,1;190100529,4;150804945;51946943,02;64184563,96;67715061,88;74132618,95;125723442,6;3521959,87;5003444,474;166979978,9;38080594,83;4374727,664;19901504,69;79467785,46;13589011,15;12034410,48;17362603,12;5798022,11;708653,4866;1678771,838;440759920,6;278990994,7;75761478,16;262923534,4;55284174,44;74291552,57;119243535,7;136666389,7;122224200,5;171380210;172457273,3;6987203,415;5414098,27;82802903,09;88366660,72;36208404,57;7677648,097;2810663,828;4969015,36;5362464,329;387447058;202980892,3;12265689,07;230185427,8;217357658,3;102899227,2;124991264,1;125535756,1;71302440,48;63379271,57;119098794,8;74311063,43;6023290,228;41723274,17;0;28410050,96;2163391,438;1340348,018;2906033,624;178648748,8;0;64628390,02;82665722,12;25512092,7;49266290,64;64141751,85;11609422,44;2821512,321;5403205,717;3965838,256
Pc_Q_haplo_3_02.D;1274440100;6319555,953;14362498,24;8776836,699;9099575,107;2430437,464;4069596,126;3154328,673;38184071,6;26481374,54;6216712,726;79113272,99;3000619,749;2023699,49;300952184,6;144273105,3;320315545,3;301193198,2;49251279,52;70551738,58;133876142,3;365544399;975446088,1;1240405,7;23542154,34;13533787,34;4459323,166;54447715,33;313134404,1;1487573999;4091434854;871789849,6;76616694,18;62606120,33;19933488,87;15296333,44;325869291,1;235959674;35397179,52;356859605,4;912351764,1;482043259,9;168405848,9;41332985,56;273531955,8;118798530;314480448,9;10154678,44;80116216,92;24912209,08;488702683,5;32130792,57;1014615961;309613949,8;203925541,5;59430924,49;121460929,5;138660345,1;123232131,5;20745485,78;60142505,79;149596511;327800297,6;314018402,3;202050505;119027701,1;406340640,8;123530982,3;111953927,6;378674213,4;152099508,7;81772562,45;74385401,64;120201378,7;130710587,1;371318824,6;40166165,75;246892556,2;4346148,316;139226614,1;260469322,2;142009326,3;315830225,3;417938979,1;45500566,67;87128677,62;96417025,75;299553483,1;93944231,31;193510957,1;31137376,24;123868673,5;103512611,6;154696830,4;86799710,47;555768007,1;5727010,556;221192577,8;123804396,3;119206075,3;100121135,7;206598614,1;102208915,3;218295114,6;162468020,2;176878206,1;187014040,5;233298989;90568421,82;375711269,3;26300719;5223051,384;25578606,55;6757062,055;28799138,67;152202439,4;70979595;88765025,22;143027074,9;18042082,54;57996821,29;18866360,17;15200800,82;15877897,35
Pc_W_haplo_46-47_01.D;1486999347;236140024,1;14456869,7;4570698,615;15915226,59;1145943,512;775800,8232;1778357,982;83245641,75;449575,3421;182016,2905;8169801,168;811302,9793;298487,9095;292373479,3;5148182,996;16407453,04;43661725,3;4460513,269;15676772,91;3249397,316;244832762,8;176603694,1;4563526;2995521,755;2995521,755;137794,8007;4500124,796;72172473,19;975397672,3;561916071,8;391086423,6;187031841;17526437,19;7711993,518;294246568,8;88484520,63;23271744,75;335282747,1;77785829,1;72718128,37;189009893,8;41617698,47;5361280,177;18061335,7;20150099,1;49919536,95;341592,1399;3604505,543;0;552540559,2;;139229409;234670822;203742490,1;173711128,3;7989022,549;15797067,56;35240396,1;157247914,6;40374330,38;15969090,74;22061440,54;105279200,2;33118932,37;850522,4856;12002883,21;40167911,7;13581415,12;8253908,117;17356627,11;3144458,909;2074761,375;2176089,156;251337455;127730877;27027768,19;242223604,7;64628159,86;22452098,51;116607288;55443588,83;83318839,51;134679112,9;95990981,37;18055412,13;4825648,83;41398146,11;31550908,53;26863381,88;0;14486937,98;3240033,672;1653771,649;196113027,1;63521584,18;4380345,957;219588797,9;136340928,1;29387726,07;30261229,52;88591227,83;67137087,26;38318221,61;27118647,22;46685446,04;2348778,387;14067808,83;0;8482612,155;;0;;16438842,61;0;7345415,349;38512564,67;4415951,462;0;3710561,205;4176386,593;1533080,033;340161,7254;0
Pc_Q_pleo_65_04.D;1081268585;3118320,629;12390749,18;3186961,206;10288028,91;3122234,004;5918835,042;6196063,609;68443867,95;18149789,86;2964092,022;28212835,99;7775656,572;1633027,528;274602186,1;60696517,13;237546719,8;293550481,3;28691955,83;78098384,02;78130337,72;227404925,6;766630609,2;3653776,571;62128589,58;9922261,088;858731,5779;100275700,2;305560330,4;1080414168;3976042365;428578757,7;88123103,72;107676040,8;77594615,39;149086339,5;454132241,7;322323208,1;99369156,57;315727900,8;736276305,1;296565934,3;165761888,6;62432030,19;195929052;6658403,654;296724418,9;21296529,94;70748855,62;23634446,52;372205515,1;18887035,89;708775578,1;223196015,3;187538835,7;75653286,45;89093389,29;64231619,69;131679613,5;89296951,28;162083743,2;53227010,09;201610880,9;212071336,5;244896400,2;46850579,77;316449190,3;275520460,2;122201794,3;146516732,7;84987454,74;90588840,74;33181139,07;100121990,7;152492686,7;355859197,2;106957691,5;188072033,5;28148842,41;193013612,3;97455958,27;196005141,5;191614684,8;339862126,5;170641514,1;150562623,4;91694649,89;389427606,2;135870648,5;171523922,8;81178306,63;34501211,53;70082582,67;128116213,9;67192254,03;483008760,8;7970053,233;190216864,5;281982903,9;139954985,3;151759424,1;82147080,57;64277940,22;245939958;152955189,7;182109781,1;113045201,9;303102726,4;0;298121879,8;15082106,54;18409727,71;18933278,85;11483662,46;25463472,4;234575714,5;66863943,46;34540659,05;131945836,2;54667946,02;35234838,51;21506355,54;25644585,72;28479916,34
Pc_W_pleo_24_03.D;1190976451;52837308,41;14188922,35;1611636,647;51276228,64;95396859,89;87220707,04;28464498,64;79080325,24;10190110,87;1608107,638;12290227,08;19869606,02;4586124,713;209366441,7;56953144,06;56043334,54;132403476,5;22401438,56;49684079,78;26543274,87;127085573,3;452773117,4;8325180,648;115866589,9;3320496,72;788156,0846;47103344,36;162815414,2;737635992,2;1580104077;302424520,8;136726173,6;456338352,9;300848378,1;233404312,5;338033562,4;233452367,5;127833627,2;259377359,7;416952106,3;244079508,3;127324819,3;20050119,2;159947626,1;57729864,19;245351065,9;22574365,26;57606682,35;15590282,94;519804599,2;24591165,3;481443187,5;200272533,9;247155347,1;200884329,6;79915195,83;122861833,9;104365174,1;84941397,14;217425568;58006753,35;152473000;272525192,8;158018904,3;43546811,33;165728541,5;262718583,9;75337109,48;166709417,3;107739381,4;55070562,88;16342035,5;80552258,04;241297688;372195715,6;163502567,1;336994041,4;27616963,34;207377714,9;90069046,38;169361412,1;175882260,4;331349542,1;180890791,8;82011894,86;87300368,09;242020537,1;116091789,8;265371997,3;59371879,34;32042773,71;31681682,2;103801288,2;83597941,51;496126795;10732458,86;146820356,1;324095339,6;129854513,3;121140671,5;100660886,7;51792134,67;205448783,6;179722765,6;116060612,1;43706358,15;248812594,7;0;310007890,4;12270365,24;9658875,021;13250890,5;4610230,272;12176488,96;169901410,4;11468000,66;36024264,3;193943364,2;35107071,97;3260041,698;31143298,4;12730423,08;11693757,66
Pc_Q_haplo_46-47_01.D;1380171570;95953165,06;14805764,65;9951420,945;19660778,75;12945965,5;11524477,55;5582441,619;137731969,5;84364253,34;20962170,1;138569700,7;15131508,45;3730950,66;471075482,3;163943655,6;336785694,4;252654570;211772337,3;209944442,9;194655215,9;468932616,3;1199143725;1022925,773;14820632,93;5978975,217;1351107,74;53653577,31;162645983,3;1625877294;3634757744;560752040,7;230931757,6;222630733,2;0;0;179726285,4;229795433,2;0;258208680,1;805274328,4;565594911,6;127826263,6;45638295,13;184911761,3;58412452;156761396,6;10952751,97;100762322,1;37115911,59;320181903,8;38485637,85;576937015,7;259754267,2;249730530,3;44349700,86;92302589,48;70830261,95;43919970,12;5205536,937;17123267,34;60207343,81;67512715,86;141306671,9;111950532;220233048,7;283050952,7;190032135,6;121690703;343075729,2;139152627,7;100503965,4;132701284,3;74040961,74;77286226,37;225357702,2;107169507,5;140454061,5;0;41075793,67;94468011,18;81127984,12;136472783,7;208597777,8;30313231,61;93326611,33;84584118,48;72494688,22;70618621,31;86650513,07;17132847,75;118098985,3;0;46571720,82;46278354,68;348664597,1;6581629,279;126208865,8;100136459,6;149093090,8;56117782,25;209000123,6;80024693,26;119297973,7;63688659,2;188000058,9;171069347,6;185416385;44305345,31;420828108,3;49014280,97;9491187,989;46427578,51;13280783,3;37957905,46;199622929,8;71725885,6;99571358,85;171101001,8;21088849,6;80140218,1;64733007,23;22366234,28;33927012,29
Pc_W_pleo_65_03.D;1508288690;16810902,97;13203368,2;22792286,58;14922641,3;1632268,643;1748184,281;5703459,221;9318212,324;295101,8566;0;321295,9593;2423274,645;541869,0372;62449165,09;353871,7922;7511270,049;9053097,006;132953,8607;1022035,057;802512,4436;82650514,83;87173085,46;889174,2525;9868752,816;647663,7069;0;2335615,414;19195197,3;813677532,8;619619733,7;392512299,6;168161481,8;40604776,06;47850172,65;47849505,85;108769972,9;22252656,38;35827077,33;38200035,78;80361392,98;221034140,6;35831052,2;4700027,092;16310105,93;6673495,975;35297592,78;529499,171;6435972,532;0;579253781,1;;218411019;346346280,4;211930341,8;189056423;27576514,36;37802437,5;76069349,25;106430980;114491763,6;7373027,278;14424192,94;165767009;34462177,72;0;39218090,11;92141833,5;18192652,45;15961534,16;17311290,88;10542033,8;343335,3984;2477198,407;412958180,6;255044336,6;77575381,22;251521769,8;65156997,9;47358430,79;188218064,7;140373923,1;95507157,43;184164526,3;178271443,9;3982414,799;7829125,594;79885032,42;91495893,6;43453916,17;8962593,987;5060629,555;6548073,507;7773309,644;340059938,7;212925749,2;33813745,06;187631038,6;220120904,8;57351604,55;124811326,8;133834135;81794431,13;119459766,9;100903409;74288881,88;11871008,99;60202682,3;0;25381831,41;0;1813356,62;3648288,934;162738128,1;0;77280910,96;108725910,3;31298034,15;11891700,86;33162036,06;13954486,43;2765866,954;8020418,063;3565710,078
Pc_W_haplo_41_01.D;1164532382;12458960,47;12369872,91;3747402,97;2710240,796;3470184,662;4232571,261;3711381,323;25233612,19;128348,6253;0;1751253,326;462656,3446;195392,4281;163747110,1;1314437,126;3465569,539;14184333,74;1874005,297;5558596,26;1234332,156;119863241;42941855,79;862358,8442;6530765,864;875689,4228;54330,92022;2351248,384;18536508,75;649839888,4;402360364,7;285673024,9;98978950,68;24540209,58;4444500,68;164896683,3;35309796,34;13341568,37;252883343;31933207,26;37826586,31;131106427;20674252,61;2935385,01;5300489,407;7480350,55;31043544,25;0;1090961,531;0;359716060,7;0;128296559,4;159378976,8;182033534,9;128058871,1;13853576,87;17008909,24;22437143,74;91729849,66;33860264,09;16247182,36;7697396,916;70559251,13;12265472,19;1452457,553;14412283,33;21805947,77;6746412,005;5516328,873;14797671,32;1012538,144;1497652,152;1307169,128;193844450,5;100811746,4;72863774,16;195422708,9;37316523,29;30747928,22;79440744,88;37813580,46;95913672,68;107868078,2;59586897,69;28779366,37;2568683,423;26084502,8;24982390,17;28532968,22;543665,1258;5298682,357;3005618,903;1426540,714;143789915,4;28989614,44;3276896,237;153107495,9;112841605,3;31909480,54;18806739,37;59571482,94;33987129,88;29570725,73;19678293,27;25676340,04;1328343,479;9020997,716;0;5911203,14;0;0;;13639475,2;0;5841770,108;21935760,18;8080813,028;2662781,278;2237053,296;1914457,668;503232,8017;0;0
Pc_M_pleo_24_05.D;1270312344;75608764,52;15275109,64;1928742,86;3012865,065;769553,7701;107238,694;5932693,113;225669091,2;1139169,415;486488,4931;8419566,336;21401611,22;9670351,298;329075030,2;42649421,78;15836824,8;106049558,4;5336061,355;142560453,8;5799643,328;134750468,2;197223505,1;5236433,363;53327454,94;6343126,086;35416965,23;30870377,63;127484183,6;493571199,4;861384478,5;419232381,9;211402050,3;122683797,9;29605721,44;501282253,1;160575266,5;28954748,21;121862943;239499536,7;170040076,2;256996204,7;60202800,19;6221405,815;39522103,41;16045059,88;175551699,7;2566380,175;12317782,28;1953194,014;221576084,2;648259,8252;326538319,4;165765346,9;204420518,8;117927097,5;43383560,12;57622986,26;57985676,33;263223123,7;66903426,13;16663603,57;162367231,9;96893943,83;80458798,77;2778799,315;33699054,06;42692051,66;9491337,564;19520014,24;9503247,498;49744854,07;58416423,46;7505976,286;19668236,27;207759593,5;79640678,24;159963699;7320125,834;67177263,7;101482673,5;106439176,2;63133812,5;123592995,3;78436344,68;44376157,53;3894670,095;74251855,41;15559299,28;41960655,68;5724656,988;5035175,961;2709292,8;10460841,38;5032645,768;147136243,6;9477632,636;20530180,82;95790125,54;58984561,93;58868490,61;31363614,76;11124977,68;32265611,05;33663874,7;9548634,738;2569490,396;34053652,11;0;20058948,02;713691,8868;0;288774,1878;477027,5184;0;8695829,06;0;2912280,023;14914186,03;0;0;835382,7559;0;0
Pc_Q_haplo_3_04.D;1358942005;25453103,3;15081245,06;2341786,311;43200932,71;30607654,29;40589453,42;18986033,48;62518571,18;41193245,61;6499258,057;88588836,56;15727528;2588075,936;363855882,8;168723886,3;277603699,3;271127570,3;143584642,4;86321395,39;109465410,3;238429471,7;929066668,5;1202729,546;23956678,84;11988082,92;796947,7375;93759519,07;256573337,2;1618392196;4101555153;687494641,2;120972868,9;94287503,8;11247759,03;18023722,32;241419886,5;182436244,7;2161932,709;330838066,7;765009413,6;318201963,5;132712859,2;49640156,39;253491249,7;124561861,8;280830888,5;12435124,73;83276677,26;24265132,25;388223956;26927931,06;703385943,8;354169694,8;220122421,7;19911028,73;98706436,45;68553764,19;94178169,93;17592837,74;50052486,43;55120704,58;299561995,4;294958005,8;164817059,5;125934012,7;371465386,3;108818436,4;131567592,6;339516605,4;142082939,7;75638607,06;103684071,7;118071438,1;130686408,4;308229376,1;52192746,82;194170275,8;25555894,14;97496725,68;105319856,6;104417679,2;242590775,6;386518545,9;50077972,61;118564977,9;125824449,3;212118648;96972159,04;180495088,3;27585498,37;99077846,03;89000451,77;134985924,3;103449228,3;420741423,3;4917178,652;163534682,6;105559542,8;121334368,1;89882527,95;68823951,96;91049476,34;225397673,9;92823272,52;150403685,7;171649016,5;222210762,7;92664015,73;332687178,8;25267990,01;3223300,908;26927643,39;12223378,73;21107310,57;141461056,7;68799929,67;57555048,84;171856817,2;31824136,28;53825736,87;17649188,84;11254608,96;15223374,06
Pc_M_haplo_46-47_02.D;1474993313;88046408,85;14243749,91;3262801,46;34494614,62;1060574,773;842963,0083;2940442,486;294645581;17066032;8565424,877;49959115,1;8413956,305;2386796,157;546730222,8;171497488,4;179628043,3;167883504,2;78167789,6;130253507,3;50959950,05;437097560,9;554383341,4;23951379,03;94239863,79;14675069,26;28775443,5;37978622,42;235596430,7;1488038128;1284494283;300038038,1;172829291,3;161763111,3;57031384,34;450721441;181681846,7;199024505,9;29078465,18;277386133,4;228172708;258371263,7;107381798,9;12079890,36;88739577,77;37639507,8;175397259;6866165,154;21871860,72;5681239,741;495295590,1;13153640,8;375856531,9;239641594,3;290125384,5;194593606,2;85314960;63183706,06;93722537,86;183702717,5;31428791,53;120622001,5;152069802,1;70536018,63;144958352,3;16111354,54;83545694,58;48109085,72;24477593,92;50874830,86;49696172,02;8480487,13;17488630,69;14023839,13;133531561,1;245803167,1;36621117,92;229873004,7;14036738,83;95238152,94;173615728,1;111199144,3;168767677,8;273351572,6;119497872,3;136684500,2;28840235,83;116601129;46019427,94;82274338,05;1363069,152;21306761;15712209,17;17116027,91;37356284,34;111788132,7;7414167,788;116180127,2;171578391,7;57153822,2;39367020,47;150698926,5;55429330,06;123655018,5;54390594,26;54402067,75;17830212,67;30345901,8;0;56177422,23;0;0;874295,8167;2371636,399;1439079,177;15342927,73;6045099,544;10226095,42;29850483,27;2352897,433;14480291,44;18163002,13;4966541,981;1828507,164
Pc_W_pleo_65_04.D;1143534729;22851859,01;11636276,62;15020384,78;14411817,92;395090,9626;326254,2466;1878859,979;3875352,296;104618,4234;0;66930,19268;113049,2818;127890,8893;56634427,41;120943,0449;2729268,726;3900423,722;96332,43965;361046,1637;130082,002;60581066,01;25017853,4;1235539,209;180605,3415;121294,5011;0;745508,6211;3767899,619;656461373,6;406318381,7;268200010,6;107787947,5;10721758,72;10169517,93;33291915,02;35525769,2;655337,879;78768621,29;15337959,73;24366290,24;104191716;13835727,92;2818478,935;4154833,628;1761399,619;8880976,167;0;939334,8906;0;516811177,7;;117101388,3;210668494,9;149798917,6;141486523,8;9735773,458;11217392,65;17442266,81;67085979,6;36843837,97;1527703,232;754050,1123;94829436,22;11801453,94;0;5726084,149;20111883,26;6964888,292;2351100,361;4166394,142;2457145,187;0;0;353505299,9;133501934,8;50057426,44;195850905,8;43735272,77;25000424,07;61006335,5;54772599,87;55540846,51;45168178,41;82196502,75;3147885,341;961151,2655;29615519,99;22437121,34;8192792,46;1662059,622;456699,6118;1152383,857;296341,6578;258400056,8;104775675,9;8524862,892;130427153,7;118958725,3;30346126,57;50155155,46;73307099,89;39292883,26;21085517,72;38338135,67;28276270,59;1576888,846;14462243,14;;3371608,482;0;0;;56844654,28;0;10796583,56;27512531,88;11405597,75;2742837,007;20761813,07;3912312,247;;643361,5405;0
Pc_Q_haplo_41_01.D;1177512986;38969752,29;13387585,59;1594338,592;33503587,52;21101462,21;24854673,04;10733819,74;100816522,5;54519742,83;7952558,067;71367688,09;14236002,42;2116057,508;344847897,4;226742565,6;136749743,9;293650604,1;334284106,6;169933313,2;211925582,9;223161045,8;719479311,4;2656538,274;79775143,81;13649604,7;2928331,867;221576841,8;224287729;1367074859;4280986153;538728861,9;67932045,27;100003949,8;27394180,01;20382024,48;215698889,3;161458545,8;89474928,82;283135179,2;780874859;248830839,7;180489650,8;41736139,76;302638817,9;84907565,44;231651050,2;11732537,83;98473651,43;54247563,63;461331022,8;54193060,43;735612058,5;105770064,1;225317116,4;59343873,32;153101051,6;95446481,73;73385017,39;16856786,06;39494272,08;85417686,87;254345798,2;248162454,4;171664763,1;132658858,3;324445295,2;85482415,94;86407508,17;274904887,2;91602211,14;56262065,99;57882294,88;92917497,93;109400426,3;272152635,6;78792684,82;298602380;59329685,25;113429489;118462434;112916977,6;206478778,9;296990495,8;60357611,84;106054994,2;125944313,8;205301366,6;95573114,46;89282361,7;33914177,54;84929443,64;129787161,6;117859873,1;37013575,02;519206139,5;8478801,633;169067077;153190227,2;121957254,3;94773498,82;69642286,43;81278328,34;208439858,2;148842146,3;152779896,5;149461691,1;242792307,6;0;321883004,7;25558354,07;4307636,225;16380358,09;20610321,64;24525942,84;155352162,4;20219391,95;63455035,09;190470022,3;19714850,86;24567419,12;14353974,4;14525300,65;21707137,39
Pc_M_pleo_24_02.D;1282519766;314714575,9;11131122,2;1488413,334;27145186;1153648,871;991495,2194;2619180,536;232535260,3;11997191,42;3428065,191;33004507,44;41478879,11;18309747,21;469901907,8;178929090,9;56289929,62;160712461,6;29568479,56;215377825,5;38728249,09;430939178,4;481701536,4;8051601,363;57342666,6;1404348,532;35229984,44;61173193,92;274767238,6;1229983999;1441836199;312901899,5;214296046,7;201815051,9;9466807,373;523921413;174104495,7;150410775,5;222873934,3;430237144,7;442505905,1;239097402,9;78644489,51;12669291,04;152651851,5;35283999,05;228053420,2;10633879,32;78079220,2;15268456,46;365831082,4;13903205,31;348086600,1;142919754,2;236597031,6;159563192,3;107915393,7;69647355,93;82288445,93;189225316,4;134822507,6;79780573,24;135648131,3;65543166,4;213617829,1;18779532,28;174536578,6;81677767,11;30502488,68;102507533,3;63767812,99;36042534,62;25300091,08;42658331,63;99753435,7;245086756,6;106087254,3;177076859,6;16933881,24;181659501,2;181825612,8;164474844,8;204977661,7;301187932;278308356,6;119353275,3;32253650,78;242461559,9;32360931,46;128473081;18159202,08;17339366,21;13448983,38;45949400,46;12470964,88;283936120,4;9273621,341;67306785,85;238067596,5;80689660,06;112759754,1;171241058,7;54420712,28;145486874;122456816,4;36287962,57;26338389,77;88281288,9;0;115638834,1;4730211,656;388918,314;2986734,663;865264,6352;2838573,46;61037002,43;0;27569293,25;72034881,23;6376365,306;8258688,494;4820800,336;7022511,826;5552256,667
Pc_W_haplo_1_03.D;1236290225;451522,2367;12915265,1;11268718,36;11847224;1139567,762;9122848,453;7176546,738;12489389,45;334611,475;0;387403,4461;1963419,604;389477,8437;61878668,56;700325,3782;6190302,84;14771168,58;2169054,051;1164177,753;3251338,2;52348113,67;82111052,32;1889610,97;2066707,488;2405738,07;0;4357607,008;14781169,12;564225129,7;597706437,1;391400145,5;143811023,2;112392076,2;35111691,77;39503194,75;82278343,73;56475912,51;67230048,99;35791281,16;80443432,26;202462439,3;40233220,65;5677248,337;12704798,21;3747679,003;43565644,31;0;5433945,953;0;421771828;0;151653605,5;241981550,6;218028769,2;99465885,98;57816771,03;48732466,79;44982220,78;46214215,47;39750972,37;27042824,12;64186665,97;94646728,02;24777248,07;9465648,521;18123854,86;39642955,52;6353948,098;22674495,55;18013972,68;3271533,9;3253643,453;5761832,959;242688353,5;160765670,8;57272436,41;217823727,2;45670520,62;78381476,15;78750895,87;96623753,75;178359326;216354558,2;94264324,15;49023131,82;17001369,77;42059423,59;39390628,57;97933060,81;0;7842030,416;5782475,171;2872335,948;288778972,1;98667038,1;7351562,404;200550019,4;149611433,9;78141062,37;45771817,6;113938684,9;63637399,25;78202036,85;49324162,36;46642809,87;3847965,978;15937498,89;0;12148744,03;0;;0;66434865,07;0;12514527,64;43159928,82;6925825,857;13299997,64;7492345,741;4396670,626;1019247,622;1262801,371;0
Pc_Q_pleo_73_04.D;1281858271;15917205,69;13578301,26;1527340,439;26308802,08;1283447,467;9510966,153;2230986,157;177845985,7;26296531,57;7197740,577;33794843,45;15542073,74;3710175,238;366971530,5;107703809,6;154019828,5;281836730,4;55331484,08;178250083,4;97516272,75;260488457,5;668408841,4;3484055,449;73482712,04;15571700,64;546184,1582;140852219,3;182518075,6;812867874,9;2502191282;331746674;66796543,52;123717441;82287639,36;230688394,7;339872494,1;213931806,5;59907450,3;455933432,5;677486863,2;233469459,3;162656715,5;42809451,86;187484513,5;94322410,03;197620048,4;16986259,65;63227581,93;41765316,23;271965974,3;15716312,87;576320422,3;230016883,3;202424554,1;117570693,8;123979673,2;56865506,61;101994737,8;87282676,99;145988855,5;40058171,27;206065949;246816487,8;194944799,5;50867463,99;221784747,5;248304712,6;88176762,95;121112027,1;134921244,6;81509561,41;43273641,7;82992769,98;132941537,5;399559045,4;116931853,2;176223507,4;38901493,01;149620386,8;87242230,05;168256812,9;170582775,3;273168854,9;161204723,9;101138086,2;90119691,27;298681349,7;87867765,12;150947886,2;44753868,99;36454480,51;59788608,44;115705522,1;30204475,85;410600090,2;11029981,08;128328845,6;281596379,1;144874087,5;131087896,3;111405791,2;49298962,66;191815275,2;252538689,3;108463022,8;125138077,7;278567161,8;0;259304418,5;8496853,345;13265317,28;19946424,84;2300441,053;23631338,83;132745377;20693241,25;32138470,59;95751077,73;38987203,02;24621988,28;24772005,16;13834877,29;31844737,4
Pc_W_haplo_41_02.D;1506059502;50580881,89;14881431,79;2945165,341;34878094,28;1181865,89;403001,577;4132596,105;19537249,11;79202,75947;;1272560,172;272483,7198;183394,2039;162039512,6;1533323,845;1660504,298;11447679,55;1498573,019;5285164,535;1094287,674;141314941,8;28583286,58;254923,8484;727690,4587;587093,1361;36849,07209;2338826,162;12665426,02;695283644,7;378058844,8;222409883,2;88111065,29;14123607,34;13984499,59;159959788;31787525,07;9226131,947;266374413,3;30263584,4;37235986,88;128823933,4;19030474,73;2777280,34;10501229,41;14093044,08;25407663,99;0;2185937,731;0;434284924,8;;141878780,9;152947884,1;165876509;135788473,1;21877871,79;22629959,46;31620668,58;135592787,9;29387747,27;6914459,272;11672090,05;86963178,04;18251188,29;1670375,617;12058175,23;43008432,99;10287388,2;7773551,505;14519796,63;1622170,63;637194,6419;1776477,646;199326265,3;124556646,1;38695550,95;190386627;34205772,33;42887746,99;93443732,59;55768317,22;83965638,65;109296171,7;68440488,84;11807858,73;2520980,458;38360496,89;25642330,06;31046813,91;962485,2327;2538686,959;2540426,501;1409983,435;111351276,1;72955625,33;5735362,944;139153726,7;93457676,57;27050585,75;36231039,55;52665623,51;38095162,56;37293644,38;20017873,77;27170723,26;1553909,525;10928906,2;0;6360972,972;0;0;0;9728404,877;;8084681,582;16172283,98;3180106,478;3656327,409;7875801,966;1444412,254;0;0;0
Pc_W_pleo_65_02.D;1692550712;7542396,238;16524141,51;17495818,95;18951013,31;3647132,274;8773360,405;5023821,334;9019288,281;274781,6873;;248900,5705;690487,1397;291106,7722;101134316,9;337048,3135;4176557,25;4572389,124;93066,85556;857856,5709;134199,0951;112797368,5;34384086,51;527987,0032;517009,6456;697590,4755;0;1936691,294;6808739,914;787781634,9;418940287,5;233925560,6;99388914,48;24773722,3;19509459,97;57434284,48;48778019,04;2180456,144;146010101,1;19800921,78;40768430,43;132047866,7;17240817,13;3895774,785;4430851,602;7151149,241;14254856,4;0;1039849,23;0;249975368,6;;134876050,6;203299478,7;143493510,8;147236803,2;10006658,66;20629871,23;30588150,98;91296164,99;50181830,87;2596241,423;3240136,295;139141349,5;18250421,47;0;8994421,674;31305739,32;11569527,12;6790706,316;10479508,86;4353862,715;269373,8564;0;289617896,3;167327690;69965472,05;204615340,4;63487320,02;29821285,54;80644987,66;79549290,72;89965478,83;97630591,28;142498768,1;1466180,592;3233366,77;43099989,7;43848931,51;19260582,49;3038086,023;1384826,256;3073726,537;1518349,358;345819382;113215298,7;28012359,42;194090721,5;142586878,5;42705353,59;68701868,42;90351603,09;57500441,17;46006827,73;79346416,36;48744676,65;2416822,833;21520033,28;0;8689922,956;0;1019587,169;0;134348453,6;0;14733431,85;64462346,62;9623335,779;1671985,863;24561891,13;6211278,868;961648,3236;3719503,635;0
Pc_Q_pleo_73_03.D;1342193816;30797197,59;8567316,802;2452061,061;30716504,61;9614858,404;12188064,08;3838152,486;44908610,89;25723540,77;3476013,512;36850479,61;4324668,178;958979,2296;195898788,4;142894275,1;74252256,21;222962408,3;110775723,3;70900348,4;109203087,5;199547793,3;619658697,1;5288912,7;51839760,69;12417497,95;439993,0104;127950723;181593926,5;1038234660;3584722638;509864689;63014414,75;119053268,1;16590896,62;122632983,3;200001863;209655884,2;98237627,71;263285331,5;673805331,9;287646432,4;124741756,4;29499893,72;251875188,4;67317224,63;235130181,4;11389903,8;56012880,29;44620891,73;319526425,9;36170376,56;595204935,9;162939825,6;206391838,5;88319785,48;172997813,6;49503853,64;88445389,94;11969568,29;41730233,17;184927496,8;241285379;184546453,6;128051385,4;127597870,9;222776402,5;158734682,1;55288584,41;182898018,3;93891577,16;88033041,06;86568585,18;68023330,88;93799722,12;234642162,3;56723350,4;177564690,8;35812992,88;100260143,6;87070734,49;135004616,8;288725747,6;309862988,8;45173475,18;73134044,53;87795722,39;231139319,8;79907520,94;192132549,5;28815375;75344186,18;62871064,92;98843462,75;37063119,92;382441237,6;3642627,547;157864455;199770552,1;109210760,8;77925268,34;52419045,35;54843414,74;133607650,1;87831105,09;122459074,3;125763225,4;196258555,4;79893707,06;291396671,2;21400292,67;4102201,274;12910626,48;17768040,32;18853405,23;87950856,08;25395738,35;51997408,22;166010016,7;13757700,64;34463613,67;12937186,05;11599632,27;11055193,72
Pc_W_haplo_41_03.D;1559811565;38447700,14;11771892,92;12047260,66;17759659,84;46535920,51;48729064,29;5842773,795;16100105,27;116201,3993;0;1342900,308;2720017,899;235182,7387;100097696,2;2951725,149;5906135,184;12239252,96;1613335,43;4359542,84;1595421,65;125305050,2;76006873,58;1295503;1083069,994;1695035,682;35572,29141;0;15279981,06;780622969,6;483433248,1;321181879,5;149941417,9;69755480,75;23569730,09;128265407,9;60653217,97;19177837,96;305299440,8;31780513,26;63595089,38;143248084,3;30806442,61;5963197,242;7578607,28;9400756,506;23791695,84;0;3506172,459;0;490645171,8;;146223558,8;224405430,6;176344589,1;144246622,1;36200702,52;33878937,01;42028152,75;99800609,76;39681676,54;7444060,52;13581214,61;120565017,7;24969210,78;1277728,191;12156716,85;58589217,27;16588918,72;10120641,78;23176681,5;3271772,614;489665,5221;2677151,109;273444071,2;132830281,6;68451581,59;220676616,4;62593853,57;49653598,73;82186578,24;73193914,17;131308589,6;143484901,5;114543723,2;20764362,52;6428697,534;36545342,05;58337845,48;28896664,2;1227911,334;24162771,73;4160342,076;1757292,603;247423906,1;63266318,34;13463519,73;197701406,2;137501113,2;44177792,72;45788779,53;92743886,2;57670168,95;49907653,19;51661829,56;61182673,23;3404031,245;17614467,51;0;25148769,99;0;114588,1648;0;68864999,02;;12354654,21;76317075,11;21779826,4;3680376,695;6983678,926;8245076,388;475260,1659;1490263,111;1018926,019
Pc_M_haplo_41_02.D;1439604516;46818271,98;8964583,91;2349158,38;33088468,4;991470,444;292572,1071;2002074,07;208272823,6;9636394,513;5889121,885;31958638,12;9531161,789;1718249,6;415549009,1;171248696,5;29139655,96;129642730,8;46430684,63;135942783,6;44395008,24;311705611;352145619,2;1538093,979;69421397,46;16036520,4;35169235,79;37801998,6;155743509,2;963045223,8;914768866,6;294514834,7;170672958,6;162781204,5;30825798,11;429804886,1;115080101,8;139139121,6;196594918,8;406537064,6;261767567,9;224209396,1;73027337,55;13753374,19;73327157,28;44936608,84;160432879,1;6393155,87;38121107,75;7460553,403;347647338,2;8659979,562;388759874,9;135515914,5;225573577,2;110592333,9;78679482,01;69120803,41;79358013,55;129383308,4;50884782,41;92313090,12;99881548,52;53292183,11;119236201,3;13790738,56;63456421,93;52026562,44;16204678,64;41424444,55;45935654,67;13413875,28;9819131,048;18101383,58;96420732,88;174905413,5;55172392,37;200266732,5;11871042,98;89073350,05;143961817;114538353,9;149754969,2;209320156,4;159924924,3;100313459,8;17924361,48;89588030,22;34120349,49;78002228,12;4407462,16;13779035,94;12955643,83;9875091,781;26611423,3;86525352,93;8263927,793;72715942,64;163128138,6;42090140,95;44411616,24;89729542,77;39013438,09;82234381,87;46342606,49;20045115,68;12761485,55;29791386,22;0;40747270,1;2355674,165;582079,3952;830838,8866;1956945,995;711141,2562;16386469,96;2671869,581;10539212,67;30145883,83;1416162,493;2756527,094;2340061,383;1970432,462;2121589,735
Pc_W_pleo_73_06.D;1902768809;22487328,87;17878484,06;2388787,743;20035963,51;2008603,771;2685208,514;4822854,431;30067055,85;1034182,29;0;2720175,572;1419410,329;222346,1136;120972376,3;10132075,45;22660073,87;63172623,86;2435563,002;15709637,39;8463520,431;75349636,3;188952991,4;907606,3138;1683351,604;2562771,666;0;14482983,54;62238826,12;398536864,9;724817286,3;377278761;172085401,9;127086809,9;51601317,68;211590854,1;196462158;54356539,66;122141884,2;157785781,2;153230955;230989374,5;23287727,14;6389150,968;35427469,14;31267415,27;90439882,21;0;18342197,42;0;247666869,4;1129818,553;203352800,9;150543097,9;204538491,3;144126035,5;31575050,35;53122247,11;67831637,78;100073874,9;97616674,27;14717330,91;36843731,85;94790979,23;52675969,54;9017540,497;36182046,76;67930011,69;17275809,64;22441218,22;45076816,36;12939133,31;4344236,573;16796277,35;103134386,4;237677110,1;63542636,83;142255524,1;16155706,44;55311316,5;128005871,6;126688126,2;156407251,7;188595869,3;129774891,7;27113221,52;14029359,28;81913961,41;28760345,7;82779858,96;5073777,444;4944230,819;6597979,201;19076339,88;12451310,22;109201237,8;6196355,595;34867457,8;126920792,7;85443636,49;55591933,64;52608559,34;29143279,22;69611485,33;49574433,83;22424645,16;9526552,99;57682855,65;0;47395522,11;1280772,532;556136,0236;1699069,343;3643284,004;0;19763267,9;1080937,712;4596540,728;30184533,56;3220755,059;1203792,442;1914576,599;2031721,167;1280067,282
Pc_W_haplo_41_05.D;2033471666;124998795,9;17162219,22;4388998,323;85740671,48;59646702,8;43960003,98;7038549,333;81305554,57;5335314,457;1861187,272;16124087,95;3763110,202;551448,9876;215992975,4;73048573,82;38040265,66;112812200,8;34858679,62;53722309,21;36708790,73;139431689,3;252403635,8;4169418,747;74227689,57;14320359,53;0;33926226,6;113203512,9;723983618,7;1376234556;292838769,6;207700211,9;315575097,6;139613052,9;229100071,6;183741694,8;251541264,3;215024764,4;170285995,9;371546884,3;237051596,6;118821822,6;16419443,02;140868946,3;31666101,64;159802267,6;55595626,83;31479957,37;13164389,42;453893247,4;21782867,02;368296832;164830871,6;179030631,8;125399088,5;71697188,61;61049589,88;67649690,55;26498575,88;147393310,3;144631052,9;191790047,1;201789243,5;119756544,5;38662927,21;54484932,01;180818983,1;44963966,88;113397201,9;94435613,18;38008516,76;14643628,32;65047602,07;140908723,4;258786973,3;58999036,82;223484482;9573035,13;175622554,6;104709121,3;131790204,7;231920466,5;267291951;200012747,9;101411713,3;89558794,69;166475058,1;84038725,03;229017789,5;24529885,57;49729908,12;25547787,6;85157009,82;124162699,7;249685968,3;8874755,494;164183036,3;235194196,3;87143365,57;97425340,28;175669609,7;69226910,89;178411844,2;164314803,6;110094799,6;14912069,38;98452020;0;158372268,5;6155390,48;2080073,671;4729528,403;27993557,86;5388608,688;75089354,77;46087682,29;37820384,11;72596164,15;17105049,51;20334040,42;5805923,499;5487385,341;12005639,66
Pc_W_haplo_3_04.D;2344124026;44504783,34;17901152,4;5271800,422;67864551,37;9328213,004;5585424,863;1647213,581;7931634,403;70453,66985;0;692686,8832;136235,655;127974,2022;58276319,17;2135162,532;3715088,973;14622043,66;1486011,846;2187721,279;2550365,29;100068073,4;67596559,37;566626,0325;2560942,672;1619226,326;61705,98604;4351830,566;14277092,4;848928532,2;661393626,1;420664190;134360029,9;105976935,8;38451153,93;61338289,81;64383221,74;42183891,71;292867837;24150078,24;62759649,14;176215926,9;37209220,65;5461797,452;20076087,36;22402872,37;44262785,75;5181937,121;4836583,84;0;566819460;;191241069,5;113406472,9;204594480,7;161596801,7;59266815,92;53056933,47;39714216,46;79280015,89;50553937,08;19870644,79;32821025,81;154512738,6;23189352,83;5138310,475;11923458,81;56631806,6;20043067,6;20759704,36;19774270,74;3954386,794;1669656,255;3500529,22;340609816,8;149764330,4;103380299,5;268904230,4;54924801,43;76631415,42;88527563,49;83231714,31;186047259,5;194228667,1;126164499,7;40844797,11;11993507,47;28680424,33;97958536,97;81865227;2273408,836;6652498,366;9773403,319;7894008,573;319560245,5;74422276,56;12438252,9;198662096,9;142953819,5;55036624,91;51734856,59;122235421,9;73373226,91;94372640,05;74102576,74;73504189,41;2859395,344;24048349,59;0;18055037,41;859836,0959;;0;114140516,6;;10213828,08;108887424;22863569,34;0;9797109,048;13961476,24;2608921,04;4042303,419;1936746,074
Pc_M_haplo_41_04.D;1619635534;77244613,38;12193650,03;2251665,605;34099588,3;831277,3245;197472,5073;1703268,931;191062497;6340737,451;1043333,409;14146259,49;4075802,256;939838,5834;323391677,1;115518120;46498117,73;92307561,6;24034478,71;139000985,9;17982759,63;193866949,6;232178154,5;889015,5685;2709555,089;9828744,739;18636127,12;19817202,63;119340145,2;717686233,6;781622199,4;442848752,7;166813090,5;141676631,4;26546822,02;442331755,2;111235075,9;85349105,72;93449035,17;318257971,7;149854157,3;188240056;55755445,98;4602798,376;43951338,09;20275222,65;135091641,4;1217896,71;18674665,78;3945443,119;273798465,5;7119799,462;281722476,7;163362073,6;221224356;88264089,41;55855197,69;51834597,08;58167792,45;147134592,1;45846558,51;63662360,74;80181362,42;82686879,48;131598959,7;9691420,403;55815615,37;58635209,38;11345419,23;27404222,99;25699548,41;8461257,124;16793537,15;12815350,73;59659840,7;197660291,3;74765741,23;179833635,9;13151307,02;81471896,68;147172566,7;98604153,02;191242840,5;204653473,4;82983903,85;71877411,59;13479100,92;94976870;24136260,95;77728093,35;2411372,928;12484475,5;10998951,47;11774394,46;16048180,74;87023086,48;7475040,351;53707367,74;142919020,5;35574134,34;33844025,15;67367743,96;25084131,12;67673778,71;33964354,8;18460435,59;10409119,36;33501664,71;0;31863966,43;1781983,829;0;465825,441;1561989,662;0;12676578,65;1618865,011;9310209,613;18110961,44;623861,1876;0;2569006,433;1239217,102;1242113,127
Pc_Q_pleo_73_05.D;1768946071;16417995,04;12098426,91;2215639,336;40957714,93;1237258,201;3208580,453;2692644,635;161808369,5;20644887,86;5749777,606;14602135,57;35003141;5455146,575;257518445,9;66711732,29;60984509,21;195655172,8;11310051,07;92614862,86;54298626,6;121846664,9;467600428,5;3417564,753;137629104,7;32957606,95;297054,968;60631815,07;125657798,9;563886226,9;1407412867;206018739,2;81042165,51;327152741,2;141250807,3;168284896,3;273590310,5;173629742,6;96507533,14;345199271,5;386505112,6;251972110,8;118027204;25412874,6;108367894,8;65008044,51;211002817,6;12624501,02;34567099,73;30110548,39;275397541,6;16535901,38;498866187,1;176389469,7;153841826,2;120719865,3;54054050,24;66709686,48;86520631,72;105394791,1;147674344,5;40891888,72;145310921,6;140743528,8;138486614,1;33672229,17;129930481,4;208830912,6;48112396,86;74483272,24;91410380,9;49470387,38;40525092,5;64470338,51;131174279,2;280468867,7;98330029,94;167484640,3;42198018,12;132949450,4;76666830,83;154430214,9;184056979,4;262475825,7;157095429,4;61638301,22;72706582;200375178,5;71951415,45;104851504,5;28741170,28;25469226,96;49299053,43;56677401,59;21903673,31;276173224,8;9368610,064;108530888,6;223268717,1;162542785,8;125126670;103354117,5;41088961,29;175193904,8;131616913,2;89807239,34;76282051,54;168448996,8;0;151960600;5596781,604;4840838,053;9227421,404;;9222360,443;8523956,832;11853468,12;17954069,33;61772099,75;21441952,68;10240091,14;9367804,593;9327126,689;8193049,034
Pc_M_haplo_41_05.D;1879751067;28590584,61;15622783,11;4933298,917;49080368,34;1006991,061;176092,8725;1773799,443;139592350;5420156,968;3849031,708;27160551,71;3410506,382;1380493,174;363620388,4;50132758,9;22499229,18;119771467,4;36933697,44;88873928,8;25916572,94;246224793,2;379015838,1;5922935,715;10250535,24;19233257,01;31563958,74;33602783,8;120244907,5;984695223,6;882578340;300349511,4;208961968,2;149479757,2;38709307,87;390684428,2;128085122,6;151514412,4;291096153,9;220270347,3;206780780,8;254353552;100361546,2;17474458,12;67638862,23;36997675,78;122621400,5;4750662,808;28159287,62;3975725,211;340683402;6560222,848;289215932,2;157775503,6;215717062;137672225,3;69137389,78;54393828,99;56441806,53;130087951,9;103388699,1;104812001,3;216641127,3;54845371,4;103562786,6;12058041,85;70046148,36;51823704,52;15760656,03;43449427,82;47218442,86;5587756,455;8076409,877;28613008,7;99425494,3;192356172,1;81828616,81;163209656,3;24337317,12;70712899,46;153343846,5;121047899,4;128926832,1;230572831,4;100755892,9;100501854,6;23706590,93;87298656,06;41064284,37;96157299,87;3529160,13;15454070,23;12874338,61;17315108,65;34756832,02;90802707,03;5008429,116;98972495,62;160160954,1;50884526,62;53618286,9;116157772;43869919,61;99281218,86;50062753,67;36786745,76;14378138,32;40390199,46;0;53062815,71;2855902,005;525729,0062;691630,5018;3281835,916;2575154,243;22066767,72;6108629,158;12450546,52;32406989,59;2404444,116;7508780,756;6543755,127;3272451,665;2170455,16
Pc_W_haplo_1_05.D;1326797549;2750496,998;747689,1787;1435005,352;29274085,76;1178190,477;1159547,661;5245137,391;5890588,751;54594,79316;0;138666,3756;2069233,131;599159,9995;15721362,02;228077,6069;1258053,883;6584258,82;549882,842;491407,8242;971809,0491;19551699,49;34771837,95;123951,9531;397570,5834;140256,154;0;550525,1825;5302268,911;458566701,1;385971776,9;244948319,4;80947495,87;24778000,06;23729917,16;22600084,11;31024467,13;17195619,03;179273087,7;13305887,58;23722042,75;153197728;30927388,92;2671779,417;10010247,29;0;22496994,05;3797930,276;2031105,137;0;326262902,2;0;159275490,8;172670709,2;153734651,7;92259246,81;31766506,7;34317646,88;47982351,48;22704782,99;46235976,08;34105424,34;36789431,87;68980876,77;18567709,24;3904603,284;15249494,62;41061070,19;8274526,103;14545128,52;31229749,36;4093352,492;1027053,67;6792667,797;173724170,6;140141524,9;74046544,49;191945516,1;33452050,36;84448280,28;79245161,44;82005054,64;106344855,3;169245598,8;84399423,01;56939808,75;12387318;39972999,6;59258367,42;83512934,61;1806580,055;12270796,48;4468821,663;4401586,062;132070459,4;51422472,59;2301915,609;147992352,6;128210243,7;43618031,87;39705039,72;86125214,85;37644484,76;63026027,54;32234162,24;35936729,73;3227121,692;23340079,48;0;22922692,09;0;0;0;16174642,89;0;5060419,539;25919778,06;7556162,86;4314872,465;0;3082730,708;1197920,657;0;0
Pc_Q_pleo_73_02.D;244528571,6;1722901,155;3712486,249;352213,3069;1375567,123;1013010,349;4136764,925;1414296,46;84140986,67;17511698,23;4943542,029;15316407,33;8595071,828;2385859,46;246528856,5;92840937,07;59461933,31;191785755,5;29430379,87;129750413,7;52878972,99;135335472,7;504511827,1;3255587,411;133560227,6;26435789,98;351165,9123;80171979,78;141190955;534066603,3;1430226838;187149153,9;80274253,82;334725660,3;174484048;179806568,4;276739178,8;179992909,4;79755814,44;459190398,3;474293912,9;211531947,8;154096980,1;20211053,56;140731413,7;32631072,14;171619467,5;13031436,05;69062632,24;36810095,5;249264266,3;15330495,35;548816046,8;135024564,3;182591147,4;113543380,5;60053095,71;68594852,43;108175613,2;81396467,08;119400672,3;51727166,43;141183952,1;192206129,1;157232342,6;60771707,58;123830883,3;141773314,2;13692402,93;119721425,2;82012807,18;58338380,4;33827760,05;66043753,87;132762022,7;288797941,9;125506247,6;181246457,2;44642864,79;133553777,8;76626984,88;156440831,2;177530650,7;237208260,6;126308530,2;82322527,6;70829589,42;200450527,6;108289358,9;107362398,8;40497915,88;25514193,16;41618793,23;80340017,64;16318488,28;279602408,6;13740913,56;100612315,3;213007478,8;194814854,7;109800688,3;73082330,73;56341004,3;174278117,8;189874511,7;91869009,61;95585916,59;170074118,4;0;224769596;6308408,174;6116671,28;12703963,74;;12071570,69;70520534,26;9152333,443;16446999,33;86121219,51;9676635,18;13294896,34;10922819,96;10035643,75;11619582,42
Pc_M_pleo_24_04.D;263461772,4;16997215,19;4185888,918;521089,6267;2826728,831;167162,863;33617,41378;2329835,595;115352663,2;10947197,48;2607647,862;12938470,78;33034582,63;11054214,55;203598473,3;113241220,8;26313968,95;100067846,6;7864894,975;126867256,5;12877728,46;94220854,62;303605080;6641885,164;50488070,54;9381599,07;13693006,93;13932151,02;169081303,9;483871226,6;852999161,7;266828610;183724846,5;156979098,9;37378890,4;383428869,7;162734463,9;76826709,84;82071235,82;381855164,3;285625952,6;205537692,8;53624286,95;7621213,665;39979291,07;18200982,67;166615676,3;8285129,833;26988744,28;4204914,03;221127359,5;4637761,445;251053605,4;131335674;176139084,8;74485506,26;66340151,14;69761718,14;71622914,49;179626099,3;102498345,8;28658126,89;274630924,1;59790274,76;133114351;5608941,638;92047421,86;43144700,91;11302945,86;38730168,4;21663118,58;10064032,93;31964794,57;28645682,63;28129648,95;226403887,1;81342050,71;137207459,2;5600449,566;77458240,68;150678256,5;120290255,9;82056677,66;196371357,7;159586921,3;18503089,49;11445043,99;105152705,2;12832827,52;71191572,43;12633743,41;8679081,816;6963607,026;16559491,78;2897795,564;119667728,3;9776560,933;20082830,79;141179353,7;45042630,98;58661323,46;52716334,79;26467055,18;49739063,45;56459066,56;12660085,44;12260841,44;63884145,21;0;52161423,85;2663701,333;0;1644445,939;395703,5111;1310365,124;19257590,19;0;17234435,93;47270722,83;599273,4983;5521305,891;2779006,273;0;2035334,412
Pc_Q_haplo_41_02.D;295341640;62131421,25;4322850,897;921273,5476;18255938,98;19276830,86;25013960,66;7046332,432;50663329,68;28277362,25;3047603,454;45453540,7;6653315,129;833903,9334;238856618,4;140819328,1;66142184,71;237035027,9;100717394,8;78040371,51;126050825;209893757,9;558530721,8;2612069,019;28128444,19;4846395,62;2609828,818;114937683;127103097,4;1247656111;3970876593;499694457,1;56413643,52;117728730,5;16191467,42;17822777,91;183981698,7;153802699,7;38410859,84;261694331,4;645733298,9;258834937,9;104334917,6;30657097,37;229516995,9;71478294,7;212638750,1;11650383,58;73909869,74;44879240,47;282639791;15196949,48;534896250,2;102608468,1;175960970,3;36768042,53;157777032,2;99521272,82;60236851,91;10407902,88;22350085,98;38120229,17;245018641,4;210477862,1;125223472,1;148244275,7;225050000,6;125935965,3;73467891,82;219703469,2;80360435,79;78113737,06;123409153,2;60034107,27;83275374,31;241654237,3;51115669,05;140063684;52516983,03;93972397,33;80677014,19;86346646,04;243961478,1;313905219,4;26685275,14;92817565,14;87541611,7;196147077,7;59753996,86;117986372,2;13419150,55;89331678,82;71849544,54;101671672,4;25592357,79;333707712,3;4297696,577;110685022,3;136461457,5;83137289,67;58194865,73;91665931,38;81989750,98;142082664,8;90941905,97;130934952,5;133275249,7;178965905,6;92851370,33;294921240,1;23603713,87;3115406,755;19794794,99;14773951,54;24345461,95;70445855,8;19499084,54;59981587,51;115568243,8;15959830,09;42373763,4;19265201,38;11302316,23;13606029,35
Pc_W_pleo_24_05.D;244420238;1020641,092;3353740,807;816091,6451;4274184,261;741012,0672;272727,2953;3479865,634;12338144,05;1344824,266;0;2567316,846;4467802,85;1095940,864;49323398,58;2974669,937;14763361,49;26092382,86;2310021,812;5662592,111;3876428,025;29345632,99;165308109,8;3267641,323;1550322,797;713712,8301;0;12883747,48;47838435,45;340039370,2;674546324,4;256125850,2;186032972,8;165009750,3;84495100,38;43585060,93;159749031,3;35533283,37;103047752,1;62361613,67;126489321,5;219226990,1;52163288,47;6186510,682;18666860,95;4427458,036;34917162,18;0;10484594,11;0;231416091,3;0;255351373,6;213294572,4;182243222,7;132218043,9;51391605,61;70709908,05;74380646,86;48956127,58;106205439,9;11913389,95;20445340,61;84316487,86;47797215,07;5852202,718;37148385,57;75351929,87;14167851,37;29261126,6;23727122,54;9834872,914;2090584,541;20708017,12;99941801,93;200298930,2;86596426,34;188270302,6;11058434,73;81159717,19;82610624,13;124855720,5;155760579,7;202600531,2;123553083,4;20952818,29;15065704,59;103866491;39938824,17;73808092,26;10602067,26;5197942,085;7195160,221;24973013,87;32351555,41;141149056,2;13297282,34;33104446,8;175107218,2;140054136,2;98715546,33;76352387,05;38156312,34;118951700,7;73006029,85;33546682,84;16324311,99;92205860,84;0;78182392,51;1862193,317;1680537,351;2378050,071;2913271,39;0;43254355,85;3793830,528;8167768,888;58576998,45;22700982,88;733645,883;5433253,472;1550597,172;2864164,885
Pc_M_haplo_41_03.D;269586666,5;519654,643;3110999,243;1236879,396;4709464,723;122975,3437;293323,1513;1095607,651;137613147,6;2531129,95;1763544,129;11553392,39;2375225,879;1185372,853;366120825,8;51903059,55;22759257,76;91966898,78;34453867,84;90025584,6;19981079,12;197867150,4;263336819,9;10543391,23;2999221,098;9010150,674;25518499,18;26786324,45;124566767,2;1353404377;867361969,1;281708586,4;209347941,6;198519561,2;40375224,33;399208656,5;129180114,8;165551162,5;292938067,4;192070563,1;168731339,6;231164891,1;70766932,68;14874348,96;74171833,01;38758116,36;127413755,1;3500560,386;28079524,08;7276585,156;408893274;10785944,2;313508550,1;140069161,8;222517463,7;133444039,3;80282236,71;62584473,66;77950533,12;114682291,4;39483320,54;96965031,58;151315549,3;59151000,08;116455880,6;24690695,89;63862048,89;51620818,61;18893651,43;59258924;45690531,66;7452882,054;5760604,837;22464624,94;108484571,1;220064210,7;68963419,46;161404645,2;14808029,74;85505060,42;148552777,5;115933678,8;142002409;238904961,5;97520637,39;108828776,2;26191360,38;66804158,54;39891614,89;107657083,7;5462627,319;19658977,35;15494508,95;15274012,54;28848670,7;90429553,28;7347225,882;91317401,78;180259010,5;48879739,87;50508083,14;132242206,4;51129498,97;113424877,4;50750947,17;38723847,94;20335099,06;60660289,63;0;54826242,18;2025745,701;482222,0734;2450154,493;1028719,304;2002133,39;20325777,91;3779779,289;15950010,7;31451822,61;2258351,929;6536698,116;10685694,19;1920553,176;2142877,074
